Airfoil Name,Max Thickness (%),Thickness Position (%),Max Camber (%),Camber Position (%),Max Cl/Cd (Re=50000)
GOE 79 (PFALZ 11),6.2,14.9,6,29.9,59.2
E63 (4.25%),4.3,22.8,5.3,50.5,52
E63 (4.25%),4.3,22.8,5.3,50.5,51.1
E71 (5.15%),5.2,25.7,4.4,54,49.5
AH-7-47-6,5.9,20,6.2,50,48.9
E71 (5.15%),5.2,25.7,4.4,54,48.5
S1091,5.1,13.4,5.7,45.1,48.3
GOE 803 (HACKLINGER),6.3,15,6.6,40,48.1
AH-7-47-6,5.9,20,6.2,50,48.1
E62 (5.62%),5.6,26.2,5,49.3,48
(goe342-il) GOE 342,5.4,20,6.2,40,47.8
(e62-il) E62 (5.62%),5.6,26.2,5,49.3,47.7
(ah6407-il) AH-6-40-7,6.9,20,5.5,40,46.9
(e61-il) E61 (5.64%),5.7,23.8,6.4,51,46.9
(e471-il) E471 (6.25%),6.3,29.8,4.5,53.5,46.8
(bw3-il) Bergey BW-3 (smoothed),5,7.4,5.7,45.4,46.7
(goe417a-il) GOE 417A (GEW. PLATTE),3.2,2.5,5.9,40,46.5
(goe427-il) GOE 427,4.6,20,5.4,40,46.5
(e471-il) E471 (6.25%),6.3,29.8,4.5,53.5,46.4
(e59-il) EPPLER 59,5.6,25,5.2,50,46.2
(e58-il) EPPLER 58,5.6,30,6.5,50,46.1
(s1091-il) S1091,5.1,13.4,5.7,45.1,46.1
(gm15sm-il) GM15 (smoothed),6.7,20.5,4.8,49.3,46.1
(bw3-il) Bergey BW-3 (smoothed),5,7.4,5.7,45.4,46
(arad6-il) ARA-D 6%,6,20,5,45,46
(goe427-il) GOE 427,4.6,20,5.4,40,45.8
(arad6-il) ARA-D 6%,6,20,5,45,45.8
(davissm-il) davissm,5.9,30.6,5.9,45.4,45.7
(hs1606-il) HAM-STD HS1-606,6,18,4.4,46,45.5
(goe494-il) GOE 494,5,20,5.1,50,45.5
(e61-il) E61 (5.64%),5.7,23.8,6.4,51,45.4
(davissm-il) davissm,5.9,30.6,5.9,45.4,45.4
(goe123-il) GOE 123,5.4,25,5.7,40,45.3
(goe495-il) GOE 495,6.9,30,5,50,45.2
(gm15sm-il) GM15 (smoothed),6.7,20.5,4.8,49.3,45.2
(goe370-il) GOE 370,4.7,20,5.7,40,45.2
(goe417a-il) GOE 417A (GEW. PLATTE),3.2,2.5,5.9,40,45.2
(sokolov-il) SOKOLOV,7.1,25,6.3,50,45.2
(hs1606-il) HAM-STD HS1-606,6,18,4.4,46,45
(goe484-il) GOE 484,6.3,30,5,50,45
(goe396-il) GOE 396,4.7,30,5.8,40,44.9
(goe499-il) GOE 499,6.8,30,5.9,50,44.9
(goe370-il) GOE 370,4.7,20,5.7,40,44.8
(goe396-il) GOE 396,4.7,30,5.8,40,44.8
(goe495-il) GOE 495,6.9,30,5,50,44.8
(a18-il) A18 (original),7.3,30,3.9,45,44.6
(goe483-il) GOE 483,5.5,15,5.8,40,44.6
(goe494-il) GOE 494,5,20,5.1,50,44.5
(goe394-il) GOE 394,6.1,19.9,5.9,39.9,44.5
(a18sm-il) A18 (smoothed),7.3,27.1,3.8,49.3,44.5
(goe342-il) GOE 342,5.4,20,6.2,40,44.4
(goe484-il) GOE 484,6.3,30,5,50,44.4
(goe417-il) GOE 417,6,20,6.1,40,44.4
(fx63100-il) FX 63-100,9.9,30.8,4.3,50,44.3
(sokolov-il) SOKOLOV,7.1,25,6.3,50,44.3
(a18sm-il) A18 (smoothed),7.3,27.1,3.8,49.3,44.2
(cr001sm-il) cr001sm,7.3,27.1,4.1,45.4,44.2
(e58-il) EPPLER 58,5.6,30,6.5,50,44.1
(goe195-il) GOE 195,8.6,20,5.1,50,44
(a18-il) A18 (original),7.3,30,3.9,45,44
(oaf095-il) OAF095,9.5,23.2,3.9,53.1,43.9
(oaf095-il) OAF095,9.5,23.2,3.9,53.1,43.8
(goe210-il) GOE 210 (DAIMLER),6.6,30,4.3,40,43.8
(goe164-il) GOE 164 (MVA MK.10),8.9,19.9,6.6,39.9,43.8
(hor07-il) ONERA HOR07,7.2,23.2,4.5,39.6,43.7
(goe804-il) GOE 804 (EA 8),6,40,6.3,50,43.7
(goe369-il) GOE 369,5.9,30,5.4,40,43.6
(ma409sm-il) MA409 (smoothed),6.7,23.8,3.3,49.3,43.6
(goe240-il) GOE 240 (KOLLER),7,29.9,5.2,39.9,43.5
(goe57-il) GOE 57,6.3,19.9,5.1,39.9,43.5
(oaf095-il) OAF095,9.5,23.2,3.9,53.1,43.9
(oaf095-il) OAF095,9.5,23.2,3.9,53.1,43.8
(goe164-il) GOE 164 (MVA MK.10),8.9,19.9,6.6,39.9,43.8
(hor07-il) ONERA HOR07,7.2,23.2,4.5,39.6,43.7
(goe804-il) GOE 804 (EA 8),6,40,6.3,50,43.7
(goe369-il) GOE 369,5.9,30,5.4,40,43.6
(ma409sm-il) MA409 (smoothed),6.7,23.8,3.3,49.3,43.6
(goe121-il) GOE 121 (MVA H.1),6.7,19.9,4.6,39.9,43.4
(be50-il) BE50 (original),7.3,25,4.1,45,43.1
(e59-il) EPPLER 59 AIRFOIL,5.6,25,5.2,50,43.1
(goe395-il) GOE 395 AIRFOIL,6.1,19.9,7,49.9,43.1
(be50sm-il) BE50 (smoothed),7.3,23.8,4,45.4,43
(hs1708-il) HAM-STD HS1-708 AIRFOIL,7.9,22,5,46,43
(goe397-il) GOE 397 AIRFOIL,5.1,30,4,40,43
(e216-il) E216 (10.4%),10.4,26.2,4.7,59,43
(goe381-il) GOE 381 AIRFOIL,6.4,30,5.8,30,43
(fx63100-il) FX 63-100 AIRFOIL,9.9,30.8,4.3,50,43
(ma409-il) MA409 (original) (modified line 7),6.8,25,3.3,50,42.9
(goe456-il) GOE 456 AIRFOIL,7.2,29.9,5.2,39.9,42.9
(goe397-il) GOE 397 AIRFOIL,5.1,30,4,40,42.8
(goe346-il) GOE 346 (FRIEDRICHSHAFEN-STAAKEN) AIRFOIL,5.7,39.9,3.8,39.9,42.8
(goe458-il) GOE 458 AIRFOIL,7.2,29.9,5.2,39.9,42.8
(goe483-il) GOE 483 AIRFOIL,5.5,15,5.8,40,42.8
(hs1708-il) HAM-STD HS1-708 AIRFOIL,7.9,22,5,46,42.8
(goe79-il) GOE 79 (PFALZ 11) AIRFOIL,6.2,14.9,6,29.9,42.7
(goe372-il) GOE 372 AIRFOIL,6.2,29.9,4.3,39.9,42.7
(goe458-il) GOE 458 AIRFOIL,7.2,29.9,5.2,39.9,42.7
(fx60100sm-il) FX60-100 10.0% smoothed,10,27.9,3.5,56.5,42.6
(goe403-il) GOE 403 AIRFOIL,6.7,29.9,4.3,39.9,42.6
(fx60100-il) FX 60-100 AIRFOIL,10,27.9,3.6,56.5,42.6
(fx63110-il) FX 63-110 AIRFOIL,11,30.8,4.3,50,42.5
(hs1404-il) HAM-STD HS1-404 AIRFOIL,4,18,3.1,46,42.5
(goe456-il) GOE 456 AIRFOIL,7.2,29.9,5.2,39.9,42.5
(e64-il) E64 (8.45%),8.4,27.8,2.9,56.5,42.5
(ma409-il) MA409 (original) (modified line 7),6.8,25,3.3,50,42.5
(fx601001-il) FX 60-100 (126) AIRFOIL,10.1,30.8,3.6,59.7,42.5
(goe395-il) GOE 395 AIRFOIL,6.1,19.9,7,49.9,42.4
(goe361-il) GOE 361 AIRFOIL,6.8,20,5.5,40,42.4
(goe155-il) GOE 155 (SSW D.1) AIRFOIL,7,29.9,5.3,39.9,42.4
(goe279-il) GOE 279 (DAIMLER X) AIRFOIL,7.4,30,4.7,40,42.3
(goe419-il) GOE 419 AIRFOIL,5.3,30,4.1,40,42.3
(s1223-il) S1223,12.1,19.8,8.1,49,42.3
(sa7024-il) SA7024,7,25.9,3.3,43.3,42.3
(goe173-il) GOE 173 (ALBATROS 6020) AIRFOIL,7.8,20,5.9,40,42.2
(goe358-il) GOE 358 AIRFOIL,10.9,20,5.6,50,42.2
(usa41-il) USA 41 AIRFOIL,6.6,30,4.5,40,42.2
(hq308-il) HQ 3.0/8 AIRFOIL,8,35,3,50,42.2
(s1210-il) S1210 12%,12,21.4,6.7,51.1,42.1
(hs1404-il) HAM-STD HS1-404 AIRFOIL,4,18,3.1,46,42.1
(goe81-il) GOE 81 AIRFOIL,7.4,29.9,6.3,29.9,42.1
(goe437-il) GOE 437 AIRFOIL,7.1,30,4.8,40,42.1
(goe281-il) GOE 281 (DAIMLER XII) AIRFOIL,8,30,4.5,40,42.1
(hq359-il) HQ 3.5/9 AIRFOIL,9,35,3.5,50,42
(ah79100a-il) AH 79-100 A AIRFOIL,10,27.9,3.6,56.5,41.9
(goe403-il) GOE 403 AIRFOIL,6.7,29.9,4.3,39.9,41.9
(goe400-il) GOE 400 AIRFOIL,6.1,20,4.9,40,41.9
(sa7025-il) SA7025,8,29.2,3.6,43.2,41.9
(goe373-il) GOE 373 AIRFOIL,6.5,29.9,5.1,39.9,41.9
(goe399-il) GOE 399 AIRFOIL,6.9,29.9,4.2,39.9,41.9
(goe264-il) GOE 264 AIRFOIL,6.4,20.2,5.7,28.9,41.8
(hobie-il) HOBIE,8.5,25,4,45,41.8
(oaf102-il) OAF102 AIRFOIL,10.2,28.7,3.6,53.1,41.8
(hobiesm-il) HOBIESMO1.DAT,8.6,25,3.8,45,41.7
(goe57-il) GOE 57 AIRFOIL,6.3,19.9,5.1,39.9,41.6
(ah6407-il) AH-6-40-7 AIRFOIL,6.9,20,5.5,40,41.6
(goe144-il) GOE 144 (MVA H.21) AIRFOIL,7.3,19.9,4.7,39.9,41.6
(goe177-il) GOE 177 AIRFOIL,7.7,20,5,40,41.5
(e64-il) E64 (8.45%),8.4,27.8,2.9,56.5,41.5
(goe391-il) GOE 391 AIRFOIL,5.1,40,3.2,40,41.5
(goe376-il) GOE 376 AIRFOIL,6.6,30,5,30,41.5
(hobiesm-il) HOBIESMO1.DAT,8.6,25,3.8,45,41.5
(goe359-il) GOE 359 AIRFOIL,7.8,30,5.8,40,41.5
(goe388-il) GOE 388 AIRFOIL,10.2,29.9,5.4,39.9,41.4
(goe63-il) GOE 63 AIRFOIL,8.3,19.9,6.7,39.9,41.3
(cr001sm-il) cr001sm,7.3,27.1,4.1,45.4,41.2
(goe124-il) GOE 124 (MVA H.4) AIRFOIL,7.9,29.9,5.6,39.9,41.2
(goe437-il) GOE 437 AIRFOIL,7.1,30,4.8,40,41.2
(psu94097-il) PSU 94-097 (AIAA 2001-2478),9.7,32.3,4,46.3,41.2
(usa41-il) USA 41 AIRFOIL,6.6,30,4.5,40,41.2
(goe335-il) GOE 335 (D.F.W.) AIRFOIL,6.9,20,4.8,40,41.1
(goe101-il) GOE 101 AIRFOIL,6.9,30,4,30,41.1
(sd7043-il) SD7043 (9.1%),9.1,26.6,3.3,50.2,41.1
(goe804-il) GOE 804 (EA 8) AIRFOIL,6,40,6.3,50,41.1
(goe280-il) GOE 280 (DAIMLER XI) AIRFOIL,7.9,30,4.5,30,41.1
(hq309-il) HQ 3.0/9 AIRFOIL,9,35,3,50,41.1
(goe379-il) GOE 379 AIRFOIL,6.5,30,5.2,40,41
(goe142-il) GOE 142 (MVA H.19) AIRFOIL,6.2,24.9,3.8,34.9,41
(goe377-il) GOE 377 AIRFOIL,6.5,30,3.9,40,41
(goe282-il) GOE 282 (DAIMLER XIII) AIRFOIL,9.1,19.9,5,39.9,41
(dae51-il) DAE-51 AIRFOIL,9.4,30.7,4,46.4,41
(goe496-il) GOE 496 AIRFOIL,10,30,5,50,41
(hq358-il) HQ 3.5/8 AIRFOIL,8,35,3.5,50,40.9
(oaf102-il) OAF102 AIRFOIL,10.2,28.7,3.6,53.1,41.8
(e64-il) E64 (8.45%),8.4,27.8,2.9,56.5,41.5
(psu94097-il) PSU 94-097 (AIAA 2001-2478),9.7,32.3,4,46.3,41.2
(sd7043-il) SD7043 (9.1%),9.1,26.6,3.3,50.2,41.1
(hq309-il) HQ 3.0/9 AIRFOIL,9,35,3,50,41.1
(goe517-il) GOE 517 AIRFOIL,7,30,4.7,40,40.9
(goe419-il) GOE 419 AIRFOIL,5.3,30,4.1,40,40.9
(goe380-il) GOE 380 AIRFOIL,6.6,30,5.6,30,40.9
(kc135winglet-il) KC-135 Winglet (supercritical Whitcomb),8,40,2.7,65,40.9
(goe133-il) GOE 133 (MVA H.11) AIRFOIL,7.9,30,4.3,30,40.9
(goe439-il) GOE 439 AIRFOIL,7.9,30,5.2,40,40.8
(goe408-il) GOE 408 AIRFOIL,7.8,30,4.1,30,40.8
(2032c-il) 20-32C AIRFOIL,8,20,6.9,40,40.8
(kc135winglet-il) KC-135 Winglet (supercritical Whitcomb),8,40,2.7,65,40.8
(s4110-il) S4110,8.4,26.6,3.1,45.4,40.8
(hobie-il) HOBIE,8.5,25,4,45,40.8
(goe123-il) GOE 123 AIRFOIL,5.4,25,5.7,40,40.7
(goe274-il) GOE 274 (DAIMLER V) AIRFOIL,8.7,29.9,4.8,29.9,40.7
(e216-il) E216 (10.4%),10.4,26.2,4.7,59,40.7
(e66-il) EPPLER 66 AIRFOIL,10.1,28.7,4.1,52.3,40.7
(goe335-il) GOE 335 (D.F.W.) AIRFOIL,6.9,20,4.8,40,41.1
(goe101-il) GOE 101 AIRFOIL,6.9,30,4,30,41.1
(usa5-il) USA 5 AIRFOIL,6.4,30,4.5,40,40.7
(goe278-il) GOE 278 (DAIMLER IX) AIRFOIL,7.4,29.9,4.3,29.9,40.7
(oaf102-il) OAF102 AIRFOIL,10.2,28.7,3.6,53.1,40.7
(goe118-il) GOE 118 (MVA MK.7) AIRFOIL,8.6,29.9,5.7,39.9,40.7
(goe195-il) GOE 195 AIRFOIL,8.6,20,5.1,50,40.7
(goe210-il) GOE 210 (DAIMLER) AIRFOIL,6.6,30,4.3,40,40.7
(fx60100sm-il) FX60-100 10.0% smoothed,10,27.9,3.5,56.5,40.6
(hq308-il) HQ 3.0/8 AIRFOIL,8,35,3,50,40.6
(e212-il) E212 (10.55%),10.6,27.5,2.5,61.3,40.6
(goe121-il) GOE 121 (MVA H.1) AIRFOIL,6.7,19.9,4.6,39.9,40.6
(sa7026-il) SA7026,9,32.9,3.8,47.1,40.6
(m13-il) NACA M13 AIRFOIL,6.2,30,3.8,30,40.6
(e379-il) EPPLER 379 AIRFOIL,2.2,5.8,8,31.8,40.6
(goe180-il) GOE 180 (MVA H.26) AIRFOIL,8.7,30,4.4,40,40.6
(fx60100-il) FX 60-100 AIRFOIL,10,27.9,3.6,56.5,40.5
(hq3510-il) HQ 3.5/10 AIRFOIL,10,35,3.5,50,40.5
(goe442-il) GOE 442 AIRFOIL,7.7,19.9,4.3,39.9,40.5
(goe602m-il) GOE 602 MOD. AIRFOIL,9.6,30,3.8,50,40.5
(goe428-il) GOE 428 AIRFOIL,7.9,30,5.2,40,40.5
(hq258-il) HQ 2.5/8 AIRFOIL,8,35,2.5,50,40.5
(goe402-il) GOE 402 AIRFOIL,6.8,20,5.7,30,40.4
(goe610bm-il) GOE 610-B MOD. AIRFOIL,7.7,30,5.5,40,40.4
(goe432-il) GOE 432 AIRFOIL,7.7,20,4.3,40,40.4
(goe276-il) GOE 276 (DAIMLER VII) AIRFOIL,7.3,30,4,30,40.4
(goe394-il) GOE 394 AIRFOIL,6.1,19.9,5.9,39.9,40.4
(goe374-il) GOE 374 AIRFOIL,6.5,30,4.5,30,40.4
(goe199-il) GOE 199 (L.F.G. 5406) AIRFOIL,7.3,30,5.2,30,40.4
(goe187-il) GOE 187 (SCHTTE-LANZ 2U10) AIRFOIL,8.3,30,4.8,30,40.3
(goe346-il) GOE 346 (FRIEDRICHSHAFEN-STAAKEN) AIRFOIL,5.7,39.9,3.8,39.9,40.3
(e66-il) EPPLER 66 AIRFOIL,10.1,28.7,4.1,52.3,40.2
(goe176-il) GOE 176 (ALBATROS 7020) AIRFOIL,10.3,19.8,5.6,39.8,40.2
(goe275-il) GOE 275 (DAIMLER VI) AIRFOIL,7.7,19.9,4.7,29.9,40.2
(s7075-il) S7075 (9%),9,29,2.8,46.8,40.2
(goe155-il) GOE 155 (SSW D.1) AIRFOIL,7,29.9,5.3,39.9,40.1
(goe457-il) GOE 457 AIRFOIL,7.8,19.9,4.2,39.9,40.1
(s2046-il) S2046,9,26.2,2.6,55.1,40.1
(goe450-il) GOE 450 AIRFOIL,8.9,29.9,5.2,39.9,40.1
(goe113-il) GOE 113 AIRFOIL,6.7,30,3,40,40
(fx63110-il) FX 63-110 AIRFOIL,11,30.8,4.3,50,40
(s4320-il) S4320,9.4,26.8,4.5,40.2,40
(goe803h-il) GOE 803 (HACKLINGER) AIRFOIL,6.3,15,6.6,40,40
(fx63120-il) FX 63-120 AIRFOIL,12,30.8,5.2,50,40
(goe326-il) GOE 326 (PFALZ 55) AIRFOIL,8.2,29.9,4.7,39.9,40
(sg6042-il) SG6042,10,33.5,3.3,51.5,40
(goe174-il) GOE 174 (ALBATROS 5020) AIRFOIL,8.6,19.9,5.6,39.9,40
(goe165-il) GOE 165 (MVA MK.11) AIRFOIL,12.1,19.7,5.7,49.7,39.9
(sd7032-il) SD7032-099-88,10,26.6,3.4,45.1,39.8
(e214-il) E214 (11.1%),11.1,33.1,3.7,56.9,39.8
(goe143-il) GOE 143 (MVA H.20) AIRFOIL,7.4,19.9,3.8,29.9,39.8
(goe257-il) GOE 257 AIRFOIL,8.8,30,4.1,30,39.8
(goe137-il) GOE 137 (MVA H.15) AIRFOIL,8.6,29.9,4.4,39.9,39.8
(s9037-il) S9037 (9%),9,28.5,3.3,42.4,39.8
(ah79100a-il) AH 79-100 A AIRFOIL,10,27.9,3.6,56.5,39.8
(hq3010-il) HQ 3.0/10 AIRFOIL,10,35,3,50,39.8
(cootie-il) WACO COOTIE AIRFOIL,8.5,30,5.5,40,39.7
(sg6043-il) SG6043,10,32.1,5.1,53.3,39.7
(sa7038-il) SA7038,9.2,28.5,3,42.5,39.7
(goe101-il) GOE 101 AIRFOIL,6.9,30,4,30,39.7
(goe450-il) GOE 450 AIRFOIL,8.9,29.9,5.2,39.9,39.6
(goe122-il) GOE 122 (MVA H.2) AIRFOIL,7.3,30,4.1,30,39.6
(sd6080-il) SD6080 (9.2%),9.2,30.9,3.2,44.7,39.6
(goe391-il) GOE 391 AIRFOIL,5.1,40,3.2,40,39.6
(ag27-il) AG27 Bubble Dancer DLG by Mark Drela,6.1,21.7,2.6,44,39.6
(hq259-il) HQ 2.5/9 AIRFOIL,9,35,2.5,50,39.6
(goe379-il) GOE 379 AIRFOIL,6.5,30,5.2,40,39.6
(goe328-il) GOE 328 AIRFOIL,8.2,30,4.3,30,39.6
(goe184-il) GOE 184 (MVA H.29) AIRFOIL,8.3,19.9,5.3,39.9,39.5
(goe303-il) GOE 303 (FRIEDRICHSHAFEN G03) AIRFOIL,9.8,29.9,5.9,39.9,39.5
(hq2590sm-il) HQ 2.5/9.0 smoothed by Eppler,9,35,2.5,55,39.5
(hq259b-il) HQ 2.5/9 B AIRFOIL,9,35,2.5,55,39.5
(goe431-il) GOE 431 AIRFOIL,11.8,20,7.2,60,39.5
(isa961-il) I.S.A. 961,9.3,20,4.6,40,39.5
(sg6042-il) SG6042,10,33.5,3.3,51.5,39.5
(goe393-il) GOE 393 AIRFOIL,6.1,19.9,4.2,29.9,39.4
(fx601261-il) WORTMANN FX 60-126/1 AIRFOIL,12.6,27.9,4,56.5,39.4
(mh116-il) MH 116 9.84%,9.9,32.4,4.1,46.4,39.4
(ag26-il) AG26 Bubble Dancer DLG by Mark Drela,6.8,23.3,2.5,45.5,39.4
(s4022-il) S4022,11.3,34.1,4.3,57.8,39.4
(isa571-il) I.S.A. 571,7.4,30,3.6,30,39.4
(isa962-il) I.S.A. 962,9.6,20,4.6,40,39.4
(hq359-il) HQ 3.5/9 AIRFOIL,9,35,3.5,50,39.3
(goe802b-il) GOE 802 B AIRFOIL,9.8,30,6.1,40,39.3
(goe361-il) GOE 361 AIRFOIL,6.8,20,5.5,40,39.3
(dae51-il) DAE-51 AIRFOIL,9.4,30.7,4,46.4,39.3
(isa960-il) I.S.A. 960,9.5,30,4.5,40,39.3
(hq309-il) HQ 3.0/9 AIRFOIL,9,35,3,50,39.2
(s4110-il) S4110,8.4,26.6,3.1,45.4,39.2
(s4053-il) S4053,8.9,30.9,3,45,39.2
(s1221-flap-il) S1221 w/ 4 deg flap,12.1,21.8,5.3,52.9,39.2
(goe602m-il) GOE 602 MOD. AIRFOIL,9.6,30,3.8,50,39.2
(goe802a-il) GOE 802 A AIRFOIL,9.8,30,6.1,40,39.2
(hq258-il) HQ 2.5/8 AIRFOIL,8,35,2.5,50,39.2
(psu94097-il) PSU 94-097 (AIAA 2001-2478),9.7,32.3,4,46.3,39.2
(e211-il) E211 (10.96%),10.9,31.7,2.2,65.7,39.2
(s3002-il) SELIG 3002-099-83,9.9,30.6,2.3,49.8,39.2
(e385-il) E385 (8.41%),8.4,29.6,5.3,47.5,39.2
(s3025-il) S3025 9.38%,9.4,30.9,3,44.9,39.2
(goe188-il) GOE 188 (SCHTTE-LANZ 3U10) AIRFOIL,8.9,30,4.3,30,39.1
(sd7037-il) SD7037-092-88,9.2,26.1,2.5,44.7,39.1
(fx60126-il) WORTMANN FX 60-126 AIRFOIL,12.6,27.9,3.6,56.5,39.1
(goe177-il) GOE 177 AIRFOIL,7.7,20,5,40,39.1
(s4022-il) S4022,11.3,34.1,4.3,57.8,39.1
(s4061-il) S4061-096-84,9.6,30.9,3.3,44.7,39.1
(goe265-il) GOE 265 AIRFOIL,7.7,14.9,7.3,39.9,39.1
(goe565-il) GOE 565 AIRFOIL,8.4,30,2.8,50,39.1
(goe602-il) GOE 602 AIRFOIL,10,30,3.5,40,39.1
(hq259b-il) HQ 2.5/9 B AIRFOIL,9,35,2.5,55,39
(e174-il) E174 (Dicke 8.92%),8.9,31.2,3.3,44.9,39
(hq2590sm-il) HQ 2.5/9.0 smoothed by Eppler,9,35,2.5,55,39
(goe492-il) GOE 492 AIRFOIL,6.2,29.9,3.4,49.9,39
(mh116-il) MH 116 9.84%,9.9,32.4,4.1,46.4,39
(m16-il) NACA M16 AIRFOIL,6.2,30,4.1,30,39
(ag25-il) AG25 Bubble Dancer DLG by Mark Drela,7.6,24.7,2.4,45.4,38.9
(e376-il) EPPLER 376 AIRFOIL,2.5,4.3,9,32.7,38.9
(be50sm-il) BE50 (smoothed),7.3,23.8,4,45.4,38.9
(goe178-il) GOE 178 AIRFOIL,8.5,30,4.4,30,38.9
(goe304-il) GOE 304 (FRIEDRICHSHAFEN G02) AIRFOIL,9,29.8,6.3,39.8,38.9
(usa5-il) USA 5 AIRFOIL,6.4,30,4.5,40,38.9
(m14-il) NACA M14 AIRFOIL,8.1,30,3.9,30,38.8
(goe499-il) GOE 499 AIRFOIL,6.8,30,5.9,50,38.8
(e222-il) E222 (10.17%),10.2,31.1,2.1,55.3,38.8
(s7075-il) S7075 (9%),9,29,2.8,46.8,38.8
(goe392-il) GOE 392 AIRFOIL,10.2,30,4.8,40,38.8
(m13-il) NACA M13 AIRFOIL,6.2,30,3.8,30,38.8
(sa7024-il) SA7024,7,25.9,3.3,43.3,38.8
(goe610b-il) GOE 610 B AIRFOIL,7.8,39.9,5.3,39.9,38.8
(goe239-il) GOE 239 (MVA H.31) AIRFOIL,11.2,19.8,6,39.8,38.8
(goe802-il) GOE 802 AIRFOIL,9.8,30,6.1,40,38.7
(goe801-il) GOE 801 (MVA 301) AIRFOIL,9.8,30,6.1,40,38.7
(s4062-il) S4062-095-87,9.5,31.7,4,50.4,38.7
(e385-il) E385 (8.41%),8.4,29.6,5.3,47.5,38.7
(e176-il) E176 (8.83%),8.8,30.5,2.9,44.2,38.7
(goe117-il) GOE 117 (MVA MK.4) AIRFOIL,9,29.8,4.6,39.8,38.7
(s2046-il) S2046,9,26.2,2.6,55.1,38.7
(e387-il) E387,9.1,31.1,3.2,44.8,38.7
(sd7043-il) SD7043 (9.1%),9.1,26.6,3.3,50.2,38.6
(goe335-il) GOE 335 (D.F.W.) AIRFOIL,6.9,20,4.8,40,38.6
(goe546-il) GOE 546 AIRFOIL,10.4,30,3.6,50,38.6
(goe277-il) GOE 277 (DAIMLER VIII) AIRFOIL,8.3,29.9,4.4,29.9,38.6
(s803-nr) NREL's S803 Airfoil,11.5,37.5,3.7,46.9,38.6
(goe428-il) GOE 428 AIRFOIL,7.9,30,5.2,40,38.6
(eiffel428-il) Eiffel 428 (Bleriot),9,30,4.2,40,38.6
(goe144-il) GOE 144 (MVA H.21) AIRFOIL,7.3,19.9,4.7,39.9,38.6
(goe401-il) GOE 401 AIRFOIL,7.1,29.9,4.9,29.9,38.6
(hq2510-il) HQ 2.5/10 AIRFOIL,10,35,2.5,50,38.6
(hq208-il) HQ 2.0/8 AIRFOIL,8,35,2,50,38.5
(s4083-il) S4083 (8%),8,22.5,3.4,35.5,38.5
(goe257-il) GOE 257 AIRFOIL,8.8,30,4.1,30,38.5
(goe278-il) GOE 278 (DAIMLER IX) AIRFOIL,7.4,29.9,4.3,29.9,38.5
(sa7036-il) SA7036,9.2,28.1,2.6,42.1,38.5
(goe310-il) GOE 310 (MVA H.42) AIRFOIL,8.1,29.9,4.8,39.9,38.4
(goe546-il) GOE 546 AIRFOIL,10.4,30,3.6,50,38.4
(sa7026-il) SA7026,9,32.9,3.8,47.1,38.4
(s4062-il) S4062-095-87,9.5,31.7,4,50.4,38.4
(goe330-il) GOE 330 (PFALZ 59) AIRFOIL,10.2,29.9,5.8,39.9,38.4
(goe474-il) GOE 474 AIRFOIL,7,30,2.9,40,38.4
(mh117-il) MH 117 9.8%,9.8,29.1,2.7,44.6,38.4
(goe590-il) GOE 590 AIRFOIL,5.7,30,4,30,38.4
(goe417-il) GOE 417 AIRFOIL,6,20,6.1,40,38.4
(be50-il) BE50 (original),7.3,25,4.1,45,38.3
(usa46-il) USA 46 AIRFOIL,6.5,20,2.2,40,38.3
(hs1712-il) HAM-STD HS1-712 AIRFOIL,12,36,4.9,44,38.3
(sd2083-il) SD2083 (9.0%),9,35.2,2.5,49.6,38.3
(n9-il) N-9,8.5,30,2.7,40,38.3
(e378-il) EPPLER 378 AIRFOIL,4.1,7.8,8.1,35.9,38.3
(goe474-il) GOE 474 AIRFOIL,7,30,2.9,40,38.3
(e377-il) EPPLER 377 AIRFOIL,3.9,8.4,8.8,36.9,38.3
(eiffel428-il) Eiffel 428 (Bleriot),9,30,4.2,40,38.3
(goe134-il) GOE 134 (MVA H.12) AIRFOIL,9.5,30,4,30,38.3
(ag24-il) AG24 Bubble Dancer DLG by Mark Drela,8.4,26,2.2,46.9,38.3
(e212-il) E212 (10.55%),10.6,27.5,2.5,61.3,38.3
(s3024-il) AIRFOIL 3024 9.84%,9.8,30.7,3,44.7,38.3
(fx601001-il) FX 60-100 (126) AIRFOIL,10.1,30.8,3.6,59.7,38.3
(goe490-il) GOE 490 AIRFOIL,8.8,19.9,3.8,39.9,38.3
(hq3011-il) HQ 3.0/11 AIRFOIL,11,35,3,50,38.3
(s4053-il) S4053,8.9,30.9,3,45,38.2
(goe622-il) GOE 622 AIRFOIL,8,30,2.4,40,38.2
(s2091-il) S2091-101-83,10.1,26,3.7,39.5,38.2
(hq259-il) HQ 2.5/9 AIRFOIL,9,35,2.5,50,38.2
(m16-il) NACA M16 AIRFOIL,6.2,30,4.1,30,38.1
(goe673-il) GOE 673 AIRFOIL,10.8,29.7,2.8,49.7,38.1
(goe301-il) GOE 301 (FRIEDRICHSHAFEN G 13) AIRFOIL,10,28.9,6.5,39.9,38.1
(naca64a410-il) NACA 64A410,10,39.9,2.7,50,38.1
(dga1138-il) D.G.A. 1138,6.9,30,2.6,40,38.1
(m14-il) NACA M14 AIRFOIL,8.1,30,3.9,30,38.1
(e387-il) E387,9.1,31.1,3.2,44.8,38.1
(n11-il) N-11,10.9,30,4.4,40,38.1
(goe300-il) GOE 300 (FRIEDRICHSHAFEN G20) AIRFOIL,8.4,30,6.7,30,38.1
(e174-il) E174 (Dicke 8.92%),8.9,31.2,3.3,44.9,38.1
(sa7025-il) SA7025,8,29.2,3.6,43.2,38.1
(goe595-il) GOE 595 AIRFOIL,9.6,30,3,40,38.1
(isa960-il) I.S.A. 960,9.5,30,4.5,40,38
(goe795sm-il) GOE 795 smoothed,8,30.9,2.4,43.5,38
(goe287-il) GOE 287 AIRFOIL,8.9,29.9,4.9,39.9,38
(mh122-il) MH 122 9.32%,9.3,37.6,3.4,64.3,38
(raf32md-il) RAF 32 MOD AIRFOIL,10.2,30,4,50,38
(goe100-il) GOE 100 (SOPWITH) AIRFOIL,6.6,20,3.6,39.9,38
(goe315-il) GOE 315 (HANSA-BRANDENBURG III.5) AIRFOIL,8.1,29.9,4.1,29.9,38
(goe795-il) GOE 795 AIRFOIL,8,30.9,2.4,43.5,38
(goe507-il) GOE 507 AIRFOIL,8.7,30,2.9,40,38
(coanda1-il) Coanda 1,5.7,30,2.9,40,38
(hor12-il) ONERA HOR12 AIRFOIL,11.9,22.8,3.7,46.2,38
(mh122-il) MH 122 9.32%,9.3,37.6,3.4,64.3,38
(goe308-il) GOE 308 (MVA H.40) AIRFOIL,8.1,29.9,5,29.9,37.9
(goe377-il) GOE 377 AIRFOIL,6.5,30,3.9,40,37.9
(sg6043-il) SG6043,10,32.1,5.1,53.3,37.9
(goe515-il) GOE 515 AIRFOIL,8.5,30,2.8,40,37.9
(e214-il) E214 (11.1%),11.1,33.1,3.7,56.9,37.9
(hq2090sm-il) HQ-2.0/9 9.0% smoothed,9,35,2,50,37.9
(mh32-il) MH 32 8.7%,8.7,30.2,2.3,45.7,37.9
(goe369-il) GOE 369 AIRFOIL,5.9,30,5.4,40,37.9
(s9000-il) S9000 (9%),9,28.2,2.1,44.8,37.9
(fg1-il) Fage & Collins 1,8.2,30,3.1,40,37.9
(goe329-il) GOE 329 (PFALZ 58) AIRFOIL,10.2,29.9,5.5,29.9,37.9
(goe115-il) GOE 115 (MVA MK.2) AIRFOIL,9.7,29.7,3.7,39.7,37.9
(hq209-il) HQ 2.0/9 AIRFOIL,9,35,2,50,37.9
(e211-il) E211 (10.96%),10.9,31.7,2.2,65.7,37.9
(goe602-il) GOE 602 AIRFOIL,10,30,3.5,40,37.8
(m19-il) NACA M19 AIRFOIL,6.2,30,6,30,37.8
(curtisc72-il) Curtis C-72,11.7,30,3.8,50,37.8
(goe178-il) GOE 178 AIRFOIL,8.5,30,4.4,30,37.8
(sa7035-il) SA7035,9.2,27.9,2.4,41.9,37.8
(hq208-il) HQ 2.0/8 AIRFOIL,8,35,2,50,37.8
(rg8-il) RG 8 AIRFOIL,10.8,31.1,2.2,60.5,37.8
(mh38-il) MH 38 9.68%,9.7,31.6,3.9,45.3,37.8
(ag27-il) AG27 Bubble Dancer DLG by Mark Drela,6.1,21.7,2.6,44,37.8
(goe795-il) GOE 795 AIRFOIL,8,30.9,2.4,43.5,37.8
(goe325-il) GOE 325 (PFALZ 54) AIRFOIL,8.2,20,4.6,30,37.8
(fg2-il) Fage & Collins 2,8.2,30,3.3,30,37.8
(e176-il) E176 (8.83%),8.8,30.5,2.9,44.2,37.7
(goe488-il) GOE 488 AIRFOIL,6.8,19.9,3,39.9,37.7
(goe795sm-il) GOE 795 smoothed,8,30.9,2.4,43.5,37.7
(goe29b-il) GOE 29B AIRFOIL,9.4,19.8,6.5,29.8,37.7
(hq3010-il) HQ 3.0/10 AIRFOIL,10,35,3,50,37.7
(s4180-il) S4180-098-84,9.8,26.1,4,39.4,37.7
(goe240-il) GOE 240 (KOLLER) AIRFOIL,7,29.9,5.2,39.9,37.7
(goe113-il) GOE 113 AIRFOIL,6.7,30,3,40,37.7
(e178-il) E178 (8.69%),8.7,29.8,2.8,38.8,37.7
(goe309-il) GOE 309 (MVA H.41) AIRFOIL,8.4,30,4.7,30,37.7
(mh38-il) MH 38 9.68%,9.7,31.6,3.9,45.3,37.7
(coanda1-il) Coanda 1,5.7,30,2.9,40,37.7
(goe392-il) GOE 392 AIRFOIL,10.2,30,4.8,40,37.7
(goe100-il) GOE 100 (SOPWITH) AIRFOIL,6.6,20,3.6,39.9,37.7
(goe507-il) GOE 507 AIRFOIL,8.7,30,2.9,40,37.6
(goe371-il) GOE 371 AIRFOIL,7,29.9,4.6,39.9,37.6
(goe389-il) GOE 389 AIRFOIL,10.3,29.8,4,39.8,37.6
(goe286-il) GOE 286 AIRFOIL,9.4,29.9,4.1,29.9,37.6
(goe381-il) GOE 381 AIRFOIL,6.4,30,5.8,30,37.6
(goe274-il) GOE 274 (DAIMLER V) AIRFOIL,8.7,29.9,4.8,29.9,37.6
(goe122-il) GOE 122 (MVA H.2) AIRFOIL,7.3,30,4.1,30,37.6
(sd2030-il) SD2030-086-88,8.6,35.5,2.2,45.3,37.6
(goe375-il) GOE 375 AIRFOIL,6.5,20,4.5,30,37.6
(goe279-il) GOE 279 (DAIMLER X) AIRFOIL,7.4,30,4.7,40,37.6
(hq2195-il) HQ 2.1/9.5 AIRFOIL,9.5,35,2.1,55,37.6
(goe515-il) GOE 515 AIRFOIL,8.5,30,2.8,40,37.6
(s3021-il) S3021-095-84,9.5,30,2.5,39.2,37.6
(e392-il) E392 (10.15%),10.1,31.6,3.7,45.3,37.6
(waspsm-il) WASP (smoothed),9.4,27.1,3,37.9,37.5
(goe235-il) GOE 235 (SCHTTE-LANZ) AIRFOIL,6.5,19.9,3.5,39.9,37.5
(coanda2-il) Coanda 2,6,30,2.9,30,37.5
(naca64a410-il) NACA 64A410,10,39.9,2.7,50,37.5
(goe673-il) GOE 673 AIRFOIL,10.8,29.7,2.8,49.7,37.5
(s7012-il) S7012 8.75%,8.7,27.7,1.7,38.1,37.5
(goe407-il) GOE 407 AIRFOIL,9.5,29.9,4.8,39.9,37.5
(mh115-il) MH 115 11.06%,11.1,29.8,5.5,46,37.5
(goe564-il) GOE 564 AIRFOIL,8.2,30,2.7,40,37.5
(goe682-il) GOE 682 AIRFOIL,10.7,30,4.3,40,37.5
(goe358-il) GOE 358 AIRFOIL,10.9,20,5.6,50,37.5
(e49-il) EPPLER 49 AIRFOIL,7.2,38.4,6.5,62.2,37.5
(raf32md-il) RAF 32 MOD AIRFOIL,10.2,30,4,50,37.5
(goe385-il) GOE 385 AIRFOIL,9.9,29.9,4.1,29.9,37.5
(fg1-il) Fage & Collins 1,8.2,30,3.1,40,37.5
(s2048-il) S2048,8.6,35.4,1.7,60.1,37.4
(dga1138-il) D.G.A. 1138,6.9,30,2.6,40,37.4
(goe610b-il) GOE 610 B AIRFOIL,7.8,39.9,5.3,39.9,37.4
(goe496-il) GOE 496 AIRFOIL,10,30,5,50,37.4
(hq3510-il) HQ 3.5/10 AIRFOIL,10,35,3.5,50,37.4
(sd2083-il) SD2083 (9.0%),9,35.2,2.5,49.6,37.4
(naca2408-il) NACA 2408,8,29.9,2,40,37.4
(goe400-il) GOE 400 AIRFOIL,6.1,20,4.9,40,37.4
(goe585-il) GOE 585 AIRFOIL,8.2,20,3.4,40,37.4
(hq2511-il) HQ 2.5/11 AIRFOIL,11,33.9,2.5,50,37.4
(goe565-il) GOE 565 AIRFOIL,8.4,30,2.8,50,37.4
(sd7034-il) SD7034,10.5,26,3.6,39.4,37.4
(goe517-il) GOE 517 AIRFOIL,7,30,4.7,40,37.4
(e67-il) EPPLER 67 AIRFOIL,11.6,32.6,3.7,51.6,37.4
(hq3512-il) HQ 3.5/12 AIRFOIL,12,35,3.5,50,37.3
(goe140-il) GOE 140 (MVA H.17) AIRFOIL,8.8,29.9,5.3,29.9,37.3
(sd7080-il) SD7080 (9.2%),9.2,30,2.1,44.4,37.3
(goe590-il) GOE 590 AIRFOIL,5.7,30,4,30,37.3
(goe280-il) GOE 280 (DAIMLER XI) AIRFOIL,7.9,30,4.5,30,37.3
(goe362-il) GOE 362 AIRFOIL,6.6,20,5.3,40,37.3
(hq2195-il) HQ 2.1/9.5 AIRFOIL,9.5,35,2.1,55,37.3
(usa22-il) USA 22 AIRFOIL,9.1,19.9,4.4,39.9,37.3
(coanda3-il) Coanda 3,7,30,2.9,40,37.3
(goe116-il) GOE 116 (MVA MK.3) AIRFOIL,9.3,39.8,4.1,39.8,37.3
(goe310-il) GOE 310 (MVA H.42) AIRFOIL,8.1,29.9,4.8,39.9,37.3
(s2048-il) S2048,8.6,35.4,1.7,60.1,37.2
(goe415-il) GOE 415 AIRFOIL,8.5,19.9,3.7,29.9,37.2
(goe488-il) GOE 488 AIRFOIL,6.8,19.9,3,39.9,37.2
(goe670-il) GOE 670 AIRFOIL,9,30,3.4,40,37.2
(n10-il) N-10,11.2,30,3.6,40,37.2
(goe190-il) GOE 190 (MVA MK.18) AIRFOIL,12.7,19.7,5.9,49.7,37.2
(e392-il) E392 (10.15%),10.1,31.6,3.7,45.3,37.2
(goe464-il) GOE 464 AIRFOIL,7.7,7.4,9.9,29.9,37.2
(s803-nr) NREL's S803 Airfoil,11.5,37.5,3.7,46.9,37.1
(goe564-il) GOE 564 AIRFOIL,8.2,30,2.7,40,37.1
(goe331-il) GOE 331 (PFALZ 60) AIRFOIL,10.6,29.9,6.9,39.9,37.1
(goe491-il) GOE 491 AIRFOIL,4.9,20,2.9,30,37.1
(ag19-il) AG19,5.4,20.6,2.2,44.2,37.1
(usnps4-il) USNPS4 (smoothed),11.9,34.2,5,34.2,37.1
(raf26-il) RAF 26 AIRFOIL,6.6,29.9,2.1,49.9,37.1
(coanda3-il) Coanda 3,7,30,2.9,40,37.1
(sd2030-il) SD2030-086-88,8.6,35.5,2.2,45.3,37.1
(coanda2-il) Coanda 2,6,30,2.9,30,37.1
(goe587-il) GOE 587 AIRFOIL,5.8,40,3,30,37
(goe613-il) GOE 613 AIRFOIL,10.3,30,4.1,40,37
(goe363-il) GOE 363 AIRFOIL,11.1,19.8,5.7,39.8,37
(fx69h083-il) BELL/WORTMANN FX 69-H-083 AIRFOIL,8.4,33.3,2.5,33.3,37
(goe596-il) GOE 596 AIRFOIL,9.8,30,4,40,37
(hq2010-il) HQ 2.0/10 AIRFOIL,10,35,2,45,37
(hq2510-il) HQ 2.5/10 AIRFOIL,10,35,2.5,50,37
(b707e-il) BOEING 707 .99 SPAN AIRFOIL,9,42,1.8,34,37
(aquilasm-il) AQUILA 9.3% smoothed,9.4,31.3,4,34.7,37
(goe92-il) GOE 92 AIRFOIL,8.8,30,5.5,30,36.9
(e67-il) EPPLER 67 AIRFOIL,11.6,32.6,3.7,51.6,36.9
(goe235-il) GOE 235 (SCHTTE-LANZ) AIRFOIL,6.5,19.9,3.5,39.9,36.9
(goe547-il) GOE 547 AIRFOIL,10.5,29.7,4,49.7,36.9
(hq2090sm-il) HQ-2.0/9 9.0% smoothed,9,35,2,50,36.9
(goe276-il) GOE 276 (DAIMLER VII) AIRFOIL,7.3,30,4,30,36.9
(hq209-il) HQ 2.0/9 AIRFOIL,9,35,2,50,36.9
(s2060-il) S2060 8%,8,30.2,1.6,49.7,36.9
(goe595-il) GOE 595 AIRFOIL,9.6,30,3,40,36.9
(goe388-il) GOE 388 AIRFOIL,10.2,29.9,5.4,39.9,36.9
(ag35-il) AG35,8.7,27.9,2.3,37,36.9
(ag36-il) AG36,8.2,27.9,2.3,37,36.9
(e377m-il) EPPLER 377 (MODIFIED) AIRFOIL,3.8,6.1,9.2,32.6,36.8
(fx84w097-il) FX 84-W-097,9.7,33.9,2.8,37.1,36.8
(fx83w108-il) FX 83-W-108,10.9,30.9,4.2,53.3,36.8
(ag26-il) AG26 Bubble Dancer DLG by Mark Drela,6.8,23.3,2.5,45.5,36.8
(goe199-il) GOE 199 (L.F.G. 5406) AIRFOIL,7.3,30,5.2,30,36.8
(hq3012-il) HQ 3.0/12 AIRFOIL,12,35,3,50,36.8
(goe314-il) GOE 314 (HANSA-BRANDENBURG) AIRFOIL,8,29.9,4.7,29.9,36.8
(n9-il) N-9,8.5,30,2.7,40,36.8
(s802-nr) NREL's S802 Airfoil,11.5,37.9,3.8,47.3,36.7
(ag18-il) AG18,5.9,20.7,2.2,44.1,36.7
(fx63120-il) FX 63-120 AIRFOIL,12,30.8,5.2,50,36.7
(b707d-il) BOEING 707 .54 SPAN AIRFOIL,9,40,1.8,30,36.7
(arad10-il) ARA-D 10% AIRFOIL,10,25,4,35,36.7
(sd8040-il) SD8040 (10%),10,29.7,2.1,44,36.7
(goe281-il) GOE 281 (DAIMLER XII) AIRFOIL,8,30,4.5,40,36.7
(goe319-il) GOE 319 (HANSA-BRANDENBURG II) AIRFOIL,10.3,29.8,5.8,29.8,36.7
(naca2408-il) NACA 2408,8,29.9,2,40,36.7
(raf6-il) RAF 6 AIRFOIL,10,30,4.6,30,36.7
(e178-il) E178 (8.69%),8.7,29.8,2.8,38.8,36.7
(goe587-il) GOE 587 AIRFOIL,5.8,40,3,30,36.6
(kc135d-il) KC-135 BL351.6 AIRFOIL,9,40,1.9,30,36.6
(s1221-il) S1221 w/o flap,12.1,21.8,4.9,49.1,36.6
(rg15-il) RG-15 8.9%,8.9,30.2,1.8,39.7,36.6
(e852-il) EPPLER E852 AIRFOIL,10.1,37.2,2.8,61.2,36.5
(clarky-il) CLARK Y AIRFOIL,11.7,28,3.4,42,36.5
(dormoy-il) Dormoy,9,30,2.9,40,36.5
(e222-il) E222 (10.17%),10.2,31.1,2.1,55.3,36.5
(goe430-il) GOE 430 AIRFOIL,13.4,29.5,4.8,49.6,36.5
(goe477-il) GOE 477 AIRFOIL,10.1,30,4.9,40,36.5
(goe451-il) GOE 451 AIRFOIL (modified line 6),4.4,30,5.6,40,36.5
(k3311-il) K3311 (original),11,30,3.3,40,36.5
(goe566-il) GOE 566 AIRFOIL,8.7,30,2.6,40,36.5
(clarkw-il) CLARK W AIRFOIL,11.2,30,3.7,40,36.5
(goe182-il) GOE 182 (MVA H.27) AIRFOIL,9.5,19.9,5.3,39.9,36.5
(clarkv-il) CLARK V AIRFOIL,11.6,30,3.4,50,36.4
(usa50-il) USA 50 AIRFOIL,7,30,2,40,36.4
(davis-il) Davis AIRFOIL,11.3,30,3.7,40,36.4
(hs1712-il) HAM-STD HS1-712 AIRFOIL,12,36,4.9,44,36.4
(s2062-il) S2062 8%,8,30.1,1.5,49.6,36.4
(ag37-il) AG37,7.7,26.5,2.1,35.5,36.4
(eiffel430-il) Eiffel 430 (Lachassgne),9.7,15,4.5,40,36.4
(s2060-il) S2060 8%,8,30.2,1.6,49.7,36.4
(goe563-il) GOE 563 AIRFOIL,8.9,29.8,2.2,49.8,36.4
(clarkx-il) CLARK X AIRFOIL,11.7,30,3.3,40,36.4
(k3311sm-il) K3311 (smoothed),11,30.6,3.2,41.6,36.4
(s3014-il) S3014-095-85,9.5,29.4,2.6,38.6,36.4
(clarkk-il) CLARK K AIRFOIL,11.7,29.7,3.3,39.6,36.4
(cootie-il) WACO COOTIE AIRFOIL,8.5,30,5.5,40,36.3
(ag17-il) AG17,6.5,22.1,2,45.5,36.3
(goe287-il) GOE 287 AIRFOIL,8.9,29.9,4.9,39.9,36.3
(s4310-il) S4310,10.9,30.7,4.2,39.8,36.3
(fx69h083-il) BELL/WORTMANN FX 69-H-083 AIRFOIL,8.4,33.3,2.5,33.3,36.3
(sd5060-il) SD5060 (9.5%),9.5,24.9,2,48.5,36.3
(ag19-il) AG19,5.4,20.6,2.2,44.2,36.3
(rhodesg30-il) Rhode St. Genese 30,9.7,30,3.2,40,36.3
(goe500-il) GOE 500 AIRFOIL,10,30,6,50,36.3
(s3010-il) S3010-103-84,10.3,25,2.3,43.3,36.2
(kc135d-il) KC-135 BL351.6 AIRFOIL,9,40,1.9,30,36.2
(usa35b-il) USA-35B AIRFOIL,11.6,30,4.1,40,36.2
(goe198-il) GOE 198 (L.F.G. 5294) AIRFOIL,7.8,19.9,6.5,39.9,36.2
(dormoy-il) Dormoy,9,30,2.9,40,36.2
(isa962-il) I.S.A. 962,9.6,20,4.6,40,36.2
(goe360-il) GOE 360 AIRFOIL,9.7,29.9,5.9,29.9,36.2
(clarkz-il) CLARK Z AIRFOIL,11.8,30,4,40,36.2
(s7055-il) S7055 (10.5%) Flat-Bottomed,10.5,31.8,3.3,38.6,36.2
(e180-il) E180 (8.59%),8.6,33.5,2,38.1,36.2
(fx80080-il) WORTMANN FX 80-080,8.1,40.2,2.2,50,36.2
(fx84w097-il) FX 84-W-097,9.7,33.9,2.8,37.1,36.1
(mh117-il) MH 117 9.8%,9.8,29.1,2.7,44.6,36.1
(naca4412-il) NACA 4412,12,30,4,40,36.1
(usa50-il) USA 50 AIRFOIL,7,30,2,40,36.1
(hq3011-il) HQ 3.0/11 AIRFOIL,11,35,3,50,36.1
(goe269-il) GOE 269 AIRFOIL,6.6,29.9,5,39.9,36.1
(goe142-il) GOE 142 (MVA H.19) AIRFOIL,6.2,24.9,3.8,34.9,36.1
(n63412-il) NACA 63-412 AIRFOIL,12,34.9,2.2,50,36.1
(goe147-il) GOE 147 (MVA H.6) AIRFOIL,7.5,14.9,3.8,29.9,36.1
(sd6080-il) SD6080 (9.2%),9.2,30.9,3.2,44.7,36.1
(naca2410-il) NACA 2410,10,29.9,2,40,36.1
(goe328-il) GOE 328 AIRFOIL,8.2,30,4.3,30,36.1
(hq2512-il) HQ 2.5/12 AIRFOIL,12,35,2.5,50,36.1
(sc21010-il) NASA SC(2)-1010 AIRFOIL,10,32,2.8,71,36.1
(ag38-il) AG38,7,27.7,2,36.7,36
(n22-il) N-22,12.4,30,4,40,36
(goe623-il) GOE 623 AIRFOIL,12,30,3.8,40,36
(n63412-il) NACA 63-412 AIRFOIL,12,34.9,2.2,50,36
(goe368-il) GOE 368 AIRFOIL,7.7,14.9,3.8,29.9,36
(ag16-il) AG16,7.1,23.4,1.9,46.9,36
(m7-il) NACA M7 AIRFOIL,6.2,40,4.9,30,36
(n6409-il) NACA6409 9%,9,29.3,6,39.6,36
(s2062-il) S2062 8%,8,30.1,1.5,49.6,36
(goe124-il) GOE 124 (MVA H.4) AIRFOIL,7.9,29.9,5.6,39.9,35.9
(ag25-il) AG25 Bubble Dancer DLG by Mark Drela,7.6,24.7,2.4,45.4,35.9
(hq2511-il) HQ 2.5/11 AIRFOIL,11,33.9,2.5,50,35.9
(hq158-il) HQ 1.5/8 AIRFOIL,8,32.5,1.5,50,35.9
(naca2411-il) NACA 2.5411,11,29.5,2.5,39.6,35.9
(s1223rtl-il) S1223 RTL,13.5,19.9,8.3,55.2,35.9
(e853-il) EPPLER E853 AIRFOIL,11.6,37.1,3.1,56.1,35.9
(e193-il) E193 (10.22%),10.2,31,3,44.7,35.9
(ls413-il) NASA/LANGLEY LS(1)-0413 (GA(W)-2) AIRFOIL,12.9,37.5,2.4,65,35.9
(goe359-il) GOE 359 AIRFOIL,7.8,30,5.8,40,35.9
(rg12a189-il) RG 12A-1.8/9.0 AIRFOIL,9,34.4,1.8,34.4,35.9
(rg12a-il) AIRFOIL PROFILE12A 9.00%,9,34.4,1.8,34.4,35.9
(s6061-il) S6061 9%,9,34,1.5,43.6,35.9
GOE 563,8.9,29.8,2.2,49.8,35.9
USA 25,8.3,19.9,5.2,29.9,35.9
RAF 28,9.8,30,1.9,40,35.8
BOEING 707 .54 SPAN,9,40,1.8,30,35.8
E224 (10.17%),10.2,29.8,1.5,54.2,35.8
LS(1)-0413MOD,13,35,2.2,40,35.8
SG6051,12,35.7,3.1,49.9,35.8
HQ 2.0/10,10,35,2,45,35.8
MH 121 8.76%,8.8,37.9,3,62.2,35.8
GOE 408,7.8,30,4.1,30,35.8
AG14,5.4,19.9,2,41.9,35.8
E193 (10.22%),10.2,31,3,44.7,35.8
RAF 6,10,30,4.6,30,35.7
lrn1007,7.3,39.8,5.9,44.6,35.7
MH 30 7.84%,7.8,31,1.7,46.4,35.7
GOE 574 AIRFOIL,10.3,30,4.9,40,35.7
BOEING 707 .99 SPAN AIRFOIL,9,42,1.8,34,35.7
HQ 1.5/8 AIRFOIL,8,32.5,1.5,50,35.7
S4061-096-84,9.6,30.9,3.3,44.7,35.7
FXM2,8.4,19.6,4.8,30.9,35.7
NACA M17,8.1,40,4.1,30,35.7
HQ 1.5/9 AIRFOIL,9,35,1.5,50,35.7
GOE 670 AIRFOIL,9,30,3.4,40,35.7
HQ 1.5/9 B AIRFOIL,9,37.1,1.5,50,35.7
HQ 1.5/8.5 AIRFOIL,8.6,35,1.5,50,35.6
Eppler E852 AIRFOIL,10.1,37.2,2.8,61.2,35.6
GOE 693 AIRFOIL,12,30,3.6,40,35.6
MH 70 11.08%,11.1,29.4,3,39.6,35.6
GOE 500 AIRFOIL,10,30,6,50,35.6
RAF 28,9.8,30,1.9,40,35.6
HQ 1.5/8.5 AIRFOIL,8.6,35,1.5,50,35.6
AH21 7% version (Andrew Hollom),9,34.9,2.3,54.8,35.6
AG13,5.8,21.3,2,41.8,35.6
S6062 8%,7.9,29.4,1.4,43.7,35.6
Eppler E853 AIRFOIL,11.6,37.1,3.1,56.1,35.6
GOE 796 AIRFOIL,12,30,3.6,40,35.5
SD7084 (9.6%),9.6,29.5,2.3,38.9,35.5
AG18,5.9,20.7,2.2,44.1,35.5
GOE 318 (HANSA-BRANDENBURG VI.5),9.1,29.9,4.3,29.9,35.5
Fage & Collins 3,10.1,30,4.3,30,35.5
GOE 596 AIRFOIL,9.8,30,4,40,35.5
USA 27 AIRFOIL,11.1,30,5.1,40,35.5
RG 8 AIRFOIL,10.8,31.1,2.2,60.5,35.5
GOE 373 AIRFOIL,6.5,29.9,5.1,39.9,35.5
GOE 622 AIRFOIL,8,30,2.4,40,35.5
MH 42 8.94%,8.9,31.3,1.8,36.3,35.5
MH 43 8.5%,8.5,31.4,1.7,36.4,35.5
CLARK V AIRFOIL,11.6,30,3.4,50,35.5
E180 (8.59%),8.6,33.5,2,38.1,35.5
GOE 438 AIRFOIL,11,29.8,3.8,39.8,35.5
SG6041,10,34.9,1.6,49.7,35.4
GOE 432 AIRFOIL,7.7,20,4.3,40,35.4
GOE 479 AIRFOIL,11.6,30,4,40,35.4
Eppler E393 AIRFOIL,11.5,32.3,4,46,35.4
GOE 315 (HANSA-BRANDENBURG III.5) AIRFOIL,8.1,29.9,4.1,29.9,35.4
GOE 114 (MVA MK.1) AIRFOIL,9.6,29.7,3.5,49.7,35.4
I.S.A. 571,7.4,30,3.6,30,35.4
NACA 65-410,10,39.9,2.2,50,35.4
NACA 2410,10,29.9,2,40,35.3
GOE 442 AIRFOIL,7.7,19.9,4.3,39.9,35.3
CLARK-Y 11.7% smoothed,11.7,30.9,3.5,43.5,35.3
GOE 143 (MVA H.20) AIRFOIL,7.4,19.9,3.8,29.9,35.3
USA 40 AIRFOIL,13.3,30,4.2,40,35.3
HQ 3.5/13 AIRFOIL,13,35,3.5,50,35.3
GOE 509 AIRFOIL,11.1,29.9,5.2,39.9,35.3
USA 26 AIRFOIL,9.8,19.9,4.3,39.9,35.3
SELIG 3002-099-83,9.9,30.6,2.3,49.8,35.3
Eppler E393 AIRFOIL,11.5,32.3,4,46,35.3
GOE 547 AIRFOIL,10.5,29.7,4,49.7,35.2
HQ 1.5/9 B AIRFOIL,9,37.1,1.5,50,35.2
GOE 593 AIRFOIL,11.9,30,4.1,40,35.2
USA 51 AIRFOIL,9.3,30,2.6,30,35.2
S2055,8,34.8,1.4,44.6,35.2
MH 32 8.7%,8.7,30.2,2.3,45.7,35.2
GOE 137 (MVA H.15) AIRFOIL,8.6,29.9,4.4,39.9,35.2
HQ 3.0/13 AIRFOIL,13,35,3,50,35.2
NACA M11 AIRFOIL,8.2,30,1.9,30,35.2
HQ 1.5/9 AIRFOIL,9,35,1.5,50,35.1
HQ 1.5/10 AIRFOIL,10,35,1.5,50,35.1
GOE 298 AIRFOIL,12.8,19.6,4.5,39.6,35.1
S2055,8,34.8,1.4,44.6,35.1
AG12,6.2,20.8,1.8,42.8,35.1
GOE 325 (PFALZ 54) AIRFOIL,8.2,20,4.6,30,35.1
S4158,10.9,35.3,3.7,44.7,35.1
SG6041,10,34.9,1.6,49.7,35.1
RG 15A-1.8/11.0 AIRFOIL,11,30.2,1.8,39.7,35.1
LOCKHEED L-188 TIP AIRFOIL,12,41.3,2.7,51.7,35.1
BOEING 103 AIRFOIL,12.7,30,3.6,40,35
MH 22 7.2%,7.2,27,1.8,37,35
HQ 2.0/12 AIRFOIL,12,35,2,50,34.9
SD6060-104-88,10.4,33.9,1.6,38.6,34.9
S3016-095-87,9.5,28.9,1.8,43.1,34.9
I.S.A. 961,9.3,20,4.6,40,34.9
PSU-90-125WL,12.5,35.1,2,54.4,34.9
GOE 436 AIRFOIL,11,30,3.8,30,34.9
GOE 477 AIRFOIL,10.1,30,4.9,40,34.9
AG45c -03f,6.9,23.5,2,31.7,34.9
MH 20 9.01%,9,32.2,1.9,37.3,34.9
NASA/LANGLEY LS(1)-0413MOD AIRFOIL,13,35,2.2,40,34.9
EPPLER EC 86(-3)-914 AIRFOIL,14.3,35.5,4.4,71.2,34.9
RG-15 8.9%,8.9,30.2,1.8,39.7,34.8
OAF117 AIRFOIL,11.5,23.2,2,46.9,34.8
GOE 497 AIRFOIL,12.7,30,5.3,50,34.8
GOE 650 AIRFOIL,13.4,19.5,4.4,49.5,34.8
AG14,5.4,19.9,2,41.9,34.8
B-29 TIP AIRFOIL,9,30,2.2,30,34.8
DF 101 AIRFOIL,11,29.1,2.3,43.5,34.8
GOE 282 (DAIMLER XIII) AIRFOIL,9.1,19.9,5,39.9,34.8
GOE 364 AIRFOIL,10.8,30,6.5,30,34.8
RG 14 AIRFOIL,8.5,29.7,1.6,39.2,34.8
MH 30 7.84%,7.8,31,1.7,46.4,34.8
S4094 (root airfoil),9.9,29.1,1.8,33.6,34.8
M11 AIRFOIL,8.2,30,1.9,30,34.8
AG24 Bubble Dancer DLG,8.4,26,2.2,46.9,34.7
K3311 (original),11,30,3.3,40,34.7
MH 120 11.57%,11.6,34.7,2.2,44.2,34.7
ARA-D 10% AIRFOIL,10,25,4,35,34.7
S6063 7.05%,7,29.4,1.3,43.8,34.7
S9037 (9%),9,28.5,3.3,42.4,34.7
S9000 (9%),9,28.2,2.1,44.8,34.7
GOE 532 AIRFOIL,12.5,30,4.8,40,34.7
GOE 393 AIRFOIL,6.1,19.9,4.2,29.9,34.7
S6063 7.05%,7,29.4,1.3,43.8,34.7
Rhode St. Genese 30,9.7,30,3.2,40,34.7
GOE 585 AIRFOIL,8.2,20,3.4,40,34.6
NACA 2412,12,30,2,40,34.6
MH 201 13.08%,13,38.1,2.5,48.3,34.6
SA7038,9.2,28.5,3,42.5,34.6
AG03 (flat aft bottom),6.2,25.7,2,33.1,34.6
AG44ct -02f,7.3,24.6,1.9,34.4,34.6
GOE 491 AIRFOIL,4.9,20,2.9,30,34.6
GOE 285 AIRFOIL,11.7,30,3.7,30,34.6
LOCKHEED C-141 BL958.89 AIRFOIL,10,40.2,2.3,45.1,34.6
AG11,5.8,26,2.2,29.7,34.6
S2050 8.93%,8.9,29.8,1.1,69.5,34.6
NREL's S826 Airfoil,14,33.7,4.3,62,34.6
RG 15A 2.5/13.0 AIRFOIL,13,30.2,2.5,39.7,34.6
S6062 8%,7.9,29.4,1.4,43.7,34.6
AG17,6.5,22.1,2,45.5,34.6
SD8000-089-88,8.9,29.4,1.5,54,34.5
FX 83-W-108,10.9,30.9,4.2,53.3,34.5
AH21 9% version (Andrew Hollom),7,34.9,1.8,54.8,34.5
E205 (10.48%),10.5,29.7,2.5,38.7,34.5
SD7037-092-88,9.2,26.1,2.5,44.7,34.5
NACA M10 AIRFOIL,6.2,30,1.9,30,34.5
GOE 311 (MVA H.43) AIRFOIL,8.4,19.9,6.1,39.9,34.5
GOE 457 AIRFOIL,7.8,19.9,4.2,39.9,34.5
WORTMANN FX 60-126/1 AIRFOIL,12.6,27.9,4,56.5,34.5
GOE 14 AIRFOIL,9.9,29.8,6.9,29.8,34.4
GOE 275 (DAIMLER VI) AIRFOIL,7.7,19.9,4.7,29.9,34.4
GOE 566 AIRFOIL,8.7,30,2.6,40,34.4
GOE 344 (PFALZ 71) AIRFOIL,7.2,19.9,2.7,39.9,34.4
MH 25 9.98%,10,42.2,1.4,42.2,34.4
GOE 316 (HANSA-BRANDENBURG IV.5) AIRFOIL,9.1,29.9,4.2,29.9,34.4
HQ 1.5/11 AIRFOIL,11,33.9,1.5,50,34.4
NREL's S826 Airfoil,14,33.7,4.3,62,34.4
GOE 591 AIRFOIL,11.2,30,5.1,40,34.4
AIRFOIL 3024 9.84%,9.8,30.7,3,44.7,34.4
NREL's S806A Airfoil (modified line 35),11.5,45,2.8,45,34.4
GOE 574 AIRFOIL,10.3,30,4.9,40,34.4
E591,15.7,25,6,52.3,34.4
HQ 3.0/12 AIRFOIL,12,35,3,50,34.4
NACA M10 AIRFOIL,6.2,30,1.9,30,34.4
WORTMANN FX 60-126 AIRFOIL,12.6,27.9,3.6,56.5,34.4
RG-12,9.3,34.4,1.4,34.4,34.4
GOE 309 (MVA H.41) AIRFOIL,8.4,30,4.7,30,34.3
AG45ct -02f,6.9,23.3,1.8,33.1,34.3
DELFT DU84-132V3 AIRFOIL (MEASURED),13.6,33.9,3.1,45.3,34.3
SG6051,12,35.7,3.1,49.9,34.3
GOE 164 (MVA MK.10) AIRFOIL,8.9,19.9,6.6,39.9,34.3
HQ 1.5/10 AIRFOIL,10,35,1.5,50,34.3
BOEING 737 OUTBOARD AIRFOIL,10.8,40,1.6,20,34.3
EPPLER 49 AIRFOIL,7.2,38.4,6.5,62.2,34.3
NACA 2411,11,29.5,2.5,39.6,34.3
MH 26 10.99%,11,42.3,1.4,42.3,34.3
M6 (85%),10.2,30,1.9,30,34.2
KC-135 BL200.76 AIRFOIL,10.6,40,1.5,25,34.2
EPPLER 407 AIRFOIL,14.4,36.6,3.5,71.7,34.2
AH21 9% version (Andrew Hollom),7,34.9,1.8,54.8,34.2
GOE 336 (MVA H.44) AIRFOIL,9,29.9,5.4,29.9,34.2
SD7090 (10%),10,29.3,1.5,43.6,34.2
AG38,7,27.7,2,36.7,34.2
NACA M7 AIRFOIL,6.2,40,4.9,30,34.2
GOE 599 AIRFOIL,10,29.6,1.5,59.7,34.2
MH 24 9.01%,9,37.3,1.2,37.3,34.2
AG13,5.8,21.3,2,41.8,34.2
E374,10.9,34.3,2,38.9,34.1
GOE 365 AIRFOIL,11.7,29.9,5.1,39.9,34.1
GOE 321 (HANSA-BRANDENBURG III.1) AIRFOIL,11.2,29.9,5.1,29.9,34.1
B-29 TIP AIRFOIL,9,30,2.2,30,34.1
RG 14A-1.4/7.0 AIRFOIL,7,29.7,1.4,34.3,34.1
E182 (8.47%),8.5,32.4,1.2,37.5,34.1
RG 14 9% AIRFOIL,9,31,1.6,36,34.1
KC-135 BL200.76 AIRFOIL,10.6,40,1.5,25,34.1
GOE 406 AIRFOIL,11.7,29.9,5.5,39.9,34.1
BOEING 737 MIDSPAN AIRFOIL,10,39.9,1.5,20.4,34.1
S6061 9%,9,34,1.5,43.6,34.1
GOE 548 AIRFOIL,11.9,40,2.3,50,34.1
MH 23 8%,8,37.5,1.2,42.7,34.1
E374,10.9,34.3,2,38.9,34
GOE 184 (MVA H.29) AIRFOIL,8.3,19.9,5.3,39.9,34
GOE 416A AIRFOIL,11.7,29.5,1.3,59.6,34
Apex 16 (normalized using XFOIL date021206),12.9,38.6,2.4,59.6,34
NACA M4 AIRFOIL,6.3,30,2.2,30,34
E201 (11.88%),11.9,30.8,2.6,49.4,34
NACA M5 AIRFOIL,8.2,30.1,2.1,30.1,34
RG 12A 9.00%,9,34.4,1.8,34.4,34
LDS-2 AIRFOIL,12,34.9,2.2,45,34
GOE 277 (DAIMLER VIII) AIRFOIL,8.3,29.9,4.4,29.9,34
RG 12A-1.8/9.0 AIRFOIL,9,34.4,1.8,34.4,34
GOE 415 AIRFOIL,8.5,19.9,3.7,29.9,34
RAF 26 AIRFOIL,6.6,29.9,2.1,49.9,34
AG455ct -02f rot.,6.5,23.3,1.8,33.1,34
GOE 167 (V.KARMAN PROP.2) AIRFOIL,10.1,29.9,4.5,29.9,34
MH 201 13.08%,13,38.1,2.5,48.3,33.9
EPPLER 562 AIRFOIL,15,27.6,4,50.8,33.9
E201 (11.88%),11.9,30.8,2.6,49.4,33.9
RG 14A-1.4/7.0 AIRFOIL,7,29.7,1.4,34.3,33.9
RAF 15 AIRFOIL,6.5,15,2.6,30,33.9
GOE 207 (AVIATIK V8) AIRFOIL,8.8,19.9,6.6,29.9,33.9
HQ 2.5/12 AIRFOIL,12,35,2.5,50,33.9
GOE 600 AIRFOIL,13.1,29.4,1.9,49.4,33.9
K3311 (smoothed),11,30.6,3.2,41.6,33.9
GOE 685 AIRFOIL,13.1,19.6,4.2,49.5,33.9
AG04,6.4,22.5,1.7,41.5,33.9
S3025 9.38%,9.4,30.9,3,44.9,33.9
RG 14 9.5% AIRFOIL,9.5,31,1.6,36,33.9
MH 22 7.2%,7.2,27,1.8,37,33.8
EH 2.0/7.0,7,28.7,2,25.9,33.8
RAF 31 AIRFOIL,12.7,30,2.1,50,33.8
M6 (65%),7.8,30,1.4,30,33.8
GOE 376 AIRFOIL,6.6,30,5,30,33.8
LS(1)-0413 (GA(W)-2) AIRFOIL,12.9,37.5,2.4,65,33.8
RC-10(B)3 AIRFOIL,10,37.7,1.7,30.3,33.8
S802 Airfoil,11.5,37.9,3.8,47.3,33.8
AG08,5.8,21,1.7,40.4,33.8
S5020,8.4,27.8,2.2,27.8,33.8
S7012 8.75%,8.7,27.7,1.7,38.1,33.7
MH 200 12.97%,13,39.5,2.1,49.8,33.7
MH 20 9.01%,9,32.2,1.9,37.3,33.7
GOE 550 AIRFOIL,13,20,4.3,50,33.7
EPPLER 68 AIRFOIL,13.1,32,3.3,50.9,33.7
RC-08(N)1 AIRFOIL,8,37.5,1.6,25,33.7
FX 63-145 AIRFOIL,14.5,30.9,4,37.1,33.7
E224 (10.17%),10.2,29.8,1.5,54.2,33.7
NACA 64A210,10,40,1.3,50,33.7
E221 (9.39%),9.4,28.1,1.6,32.6,33.7
BOEING 707 .40 SPAN AIRFOIL,9.6,30,1.9,15,33.7
BOEING 737 OUTBOARD AIRFOIL,10.8,40,1.6,20,33.7
GOE 320 (HANSA-BRANDENBURG II.1) AIRFOIL,12.3,29.8,6.2,29.8,33.6
SD7080 (9.2%),9.2,30,2.1,44.4,33.6
HQ 1.5/12 AIRFOIL,12,35,1.5,50,33.6
GOE 133 (MVA H.11) AIRFOIL,7.9,30,4.3,30,33.6
WORTMANN FX 80-080,8.1,40.2,2.2,50,33.6
USA 49 AIRFOIL,7.3,30,1.7,30,33.6
SA7036,9.2,28.1,2.6,42.1,33.6
NACA M12,11.9,30,2,30,33.6
GOE 676 (= M 12) AIRFOIL,11.9,30,2,30,33.6
MH 27 11.99%,12,42.4,1.4,42.4,33.6
NACA M12 AIRFOIL,11.9,30,2,30,33.6
RG 14 10% AIRFOIL,10,31,1.6,36,33.6
EH 2.0/7.0,7,28.7,2,25.9,33.6
SD5060 (9.5%),9.5,24.9,2,48.5,33.6
SD8000-089-88,8.9,29.4,1.5,54,33.6
GOE 529 AIRFOIL,9.7,29.9,5.8,39.9,33.6
RC-12(B)3 AIRFOIL,12,38,2.2,34.3,33.6
NACA 63-210 AIRFOIL,10,35,1.1,60,33.5
AG16,7.1,23.4,1.9,46.9,33.5
RAF 31 AIRFOIL,12.7,30,2.1,50,33.5
HQ 3.5/12 AIRFOIL,12,35,3.5,50,33.5
GIII BL288 AIRFOIL,8.5,40,1.3,25,33.5
NACA 63-212 AIRFOIL,12,34.9,1.1,55,33.5
MH 46 9.1%,9.1,27.1,1.4,36.9,33.4
WORTMANN FX 082-512 AIRFOIL,11.8,25,4.2,62.9,33.4
WB-135/35 13.5% smoothed,13.6,25,3.8,50,33.4
NACA 4412,12,30,4,40,33.4
HQ 1.0/8 AIRFOIL,8,35,1,50,33.4
RC-10(B)3 AIRFOIL,10,37.7,1.7,30.3,33.4
MH 43 8.5%,8.5,31.4,1.7,36.4,33.4
HUGHES HELICOPTERS HH-02 AIRFOIL,9.6,30,2,40,33.4
GOE 225 (MVA H.35) AIRFOIL,12.8,19.7,7.6,49.7,33.4
LOCKHEED L-188 TIP AIRFOIL,12,41.3,2.7,51.7,33.4
PT40,11.6,27.1,2.9,41.6,33.4
GOE 723 AIRFOIL,11.6,29.7,4.5,49.7,33.4
Rhode St. Genese 32,11.9,30,3.9,40,33.4
GIII BL207 AIRFOIL,8.3,39.9,1.3,29.9,33.4
Dayton-Wright T-1,13.4,30,4.4,40,33.4
GOE 233 (MVA CA4) AIRFOIL,11.6,19.8,8.2,49.8,33.4
LOCKHEED C-141 BL761.11 AIRFOIL,10.5,40.2,1.8,50,33.4
NASA/LANGLEY RC-10(N)1 AIRFOIL,10,37.6,1.5,25,33.3
AG46ct -02f rot.,6.1,23.3,1.6,33,33.3
HAWKER TEMPEST 96.77% SEMISPAN AIRFOIL,10,38.7,1,40.7,33.3
EPPLER 403 AIRFOIL,15,37.9,3.2,75.5,33.3
AG46c -03f,6,23.3,1.9,37.3,33.3
LDS-2 AIRFOIL,12,34.9,2.2,45,33.3
HQ 1.0/8 AIRFOIL,8,35,1,50,33.3
GOE 526 AIRFOIL,12.3,29.7,4.1,39.7,33.3
GOE 619 AIRFOIL,13.7,19.5,4.5,49.5,33.3
BOEING-VERTOL VR-7 AIRFOIL WITH TAB,12,33,3,29,33.3
NACA CYH,11.7,30,2.8,40,33.3
RG 14 AIRFOIL,8.5,29.7,1.6,39.2,33.3
GOE 180 (MVA H.26) AIRFOIL,8.7,30,4.4,40,33.2
NASA/LANGLEY RC-08(N)1 AIRFOIL,8,37.5,1.6,25,33.2
SA7035,9.2,27.9,2.4,41.9,33.2
S2050 8.93%,8.9,29.8,1.1,69.5,33.2
GOE 711 AIRFOIL,14.9,30,6.3,30,33.2
HQ 2.0/12 AIRFOIL,12,35,2,50,33.2
AG12,6.2,20.8,1.8,42.8,33.2
M6 (85%),10.2,30,1.9,30,33.2
HQ 1.5/11 AIRFOIL,11,33.9,1.5,50,33.2
GOE 490 AIRFOIL,8.8,19.9,3.8,39.9,33.2
EPPLER 417 AIRFOIL,14.2,38.3,3.1,76.3,33.2
BOEING-VERTOL VR-8 AIRFOIL,8.2,35,1.3,35,33.2
MH 23 8%,8,37.5,1.2,42.7,33.2
Fage & Collins 2,8.2,30,3.3,30,33.2
SD6060-104-88,10.4,33.9,1.6,38.6,33.2
HQ 1.0/9 AIRFOIL,9,35,1,50,33.1
NACA M4 AIRFOIL,6.3,30,2.2,30,33.1
MH 62 9.3%,9.3,26.9,1.6,36.6,33.1
RG 14 9% AIRFOIL,9,31,1.6,36,33.1
GOE 173 (ALBATROS 6020) AIRFOIL,7.8,20,5.9,40,33.1
HQ 3.5/14 AIRFOIL,14,35,3.5,50,33.1
GOE 599 AIRFOIL,10,29.6,1.5,59.7,33.1
MH 64 8.59%,8.6,26.9,1.4,41.8,33.1
M6 (65%),7.8,30,1.4,30,33.1
GOE 304 (FRIEDRICHSHAFEN G02) AIRFOIL,9,29.8,6.3,39.8,33.1
S1223,12.1,19.8,8.1,49,33.1
USA 49 AIRFOIL,7.3,30,1.7,30,33.1
PROPFAN CRUISE MISSILE WING AIRFOIL,8.2,40,1.3,50,33
NACA 0012-64 a=0.8 c(li)=0.2,11,39.9,1.8,29.9,33
MH 24 9.01%,9,37.3,1.2,37.3,33
RUTAN CANARD AIRFOIL,11.6,39,2.1,42,33
AG11,5.8,26,2.2,29.7,33
CLARK YH AIRFOIL,11.9,30,2.5,30,33
GOE 677 (= M 6) AIRFOIL,12,30,2.2,30,33
HQ 3.0/14 AIRFOIL,14,35,3,50,33
BOEING 737 MIDSPAN AIRFOIL,10,39.9,1.5,20.4,33
MH 61 10.26%,10.2,27.6,1.4,37.3,33
RG-12,9.3,34.4,1.4,34.4,32.9
GOE 401 AIRFOIL,7.1,29.9,4.9,29.9,32.9
NACA 64A210,10,40,1.3,50,32.9
NACA 63-209,9,35,1.1,50,32.9
AG09,4.9,17.4,1.8,34.1,32.9
HQ 1.0/10 AIRFOIL,10,35,1,50,32.9
GIII BL126 AIRFOIL,8.8,44.9,1.2,29.9,32.9
MH 25 9.98%,10,42.2,1.4,42.2,32.9
AH 79-100 B AIRFOIL,10,30.9,6.4,50,32.9
MH 60 10.08%,10.1,26.9,1.7,36.6,32.9
AG37,7.7,26.5,2.1,35.5,32.9
E207 (12.04%),12,29.6,2.5,38.6,32.9
Eiffel 430 (Lachassgne),9.7,15,4.5,40,32.9
CLARK X AIRFOIL,11.7,30,3.3,40,32.9
S4095 (designed for the E-flite UMX ASK-21 scale RC sailplane),9.7,29.1,1.7,33.7,32.8
Fage & Collins 4,12.7,30,4.7,30,32.8
E195 (11.82%),11.8,35,2.7,44.2,32.8
E182 (8.47%),8.5,32.4,1.2,37.5,32.8
TSAGI 8% AIRFOIL,8,30,1.3,30,32.8
EPPLER 555 AIRFOIL (E555-il),16,31.9,2.6,67.4,32.8
NACA 63-212 AIRFOIL (n63212-il),12,34.9,1.1,55,32.8
HQ 1.0/9 AIRFOIL (hq109-il),9,35,1,50,32.8
CAST 10-2/DOA 2 AIRFOIL (cast102-il),12.2,45.4,1.5,69.4,32.8
NACA M22 AIRFOIL (m22-il),6.3,30,6.3,30,32.8
MH 44 9.66% (mh44-il),9.6,27.1,1.5,36.9,32.8
GOE 548 AIRFOIL (goe548-il),11.9,40,2.3,50,32.8
AG08 (ag08-il),5.8,21,1.7,40.4,32.8
MH 42 8.94% (mh42-il),8.9,31.3,1.8,36.3,32.7
EPPLER 377 AIRFOIL (e377-il),3.9,8.4,8.8,36.9,32.7
NACA 2414 (n2414-il),14,29.5,2,39.6,32.7
GOE 55 AIRFOIL (goe55-il),6.2,14.9,2,19.9,32.7
DEFIANT CANARD BL145 AIRFOIL (defcnd3-il),11.5,28.6,2.4,28.6,32.7
EPPLER 68 AIRFOIL (e68-il),13.1,32,3.3,50.9,32.7
USNPS4 (smoothed) (usnps4-il),11.9,34.2,5,34.2,32.7
S8055 (12%) (s8055-il),12,33.9,1.6,44.7,32.7
Bambino 6 (bambino6-il),12,40,2.8,40,32.7
SD7003-085-88 (sd7003-il),8.5,24.4,1.2,38.3,32.7
GIII BL207 AIRFOIL (giiih-il),8.3,39.9,1.3,29.9,32.7
AG36 (ag36-il),8.2,27.9,2.3,37,32.7
AG03 (flat aft bottom) (ag03-il),6.2,25.7,2,33.1,32.7
EPPLER E854 AIRFOIL (e854-il),13.4,32.3,3.3,55.7,32.7
GOE 389 AIRFOIL (goe389-il),10.3,29.8,4,39.8,32.7
RG 14 9.5% AIRFOIL (rg1495-il),9.5,31,1.6,36,32.7
GOE 363 AIRFOIL (goe363-il),11.1,19.8,5.7,39.8,32.7
Fage & Collins 3 (fg3-il),10.1,30,4.3,30,32.7
MH 45 9.85% (mh45-il),9.8,26.9,1.7,36.6,32.7
NACA M5 AIRFOIL (m5-il),8.2,30.1,2.1,30.1,32.7
S4158 (s4158-il),10.9,35.3,3.7,44.7,32.7
GIII BL332 AIRFOIL (giiij-il),8.5,35,1.4,25,32.7
DF102 (df102-il),11,29.1,2.4,43.5,32.7
E231 (e231-il),12.3,39.4,2.5,39.4,32.6
FX 73-CL2-152 (fx73cl2152-il),15.2,22.2,6.6,43.5,32.6
GIII BL288 AIRFOIL (giiii-il),8.5,40,1.3,25,32.6
MH 120 11.57% (mh120-il),11.6,34.7,2.2,44.2,32.6
GOE 375 AIRFOIL (goe375-il),6.5,20,4.5,30,32.6
SD8040 (10%) (sd8040-il),10,29.7,2.1,44,32.6
E205 (10.48%) (e205-il),10.5,29.7,2.5,38.7,32.6
HAWKER TEMPEST 61% SEMISPAN AIRFOIL (tempest2-il),12,37.3,0.9,39.3,32.6
GOE 374 AIRFOIL (goe374-il),6.5,30,4.5,30,32.6
EPPLER 378 AIRFOIL (e378-il),4.1,7.8,8.1,35.9,32.6
LOCKHEED C-141 BL958.89 AIRFOIL (c141f-il),10,40.2,2.3,45.1,32.6
BOEING 103 AIRFOIL (boe103-il),12.7,30,3.6,40,32.6
S8066 (10% version of S8065 w/ lower surface aerodynamically similar) (s8066-il),10,37.7,0.8,56.3,32.6
Apex 16 (normalized using XFOIL date021206) (apex16-il),12.9,38.6,2.4,59.6,32.6
S3014-095-85 (s3014-il),9.5,29.4,2.6,38.6,32.5
RAF 15 AIRFOIL (raf15-il),6.5,15,2.6,30,32.5
GOE 326 (PFALZ 55) AIRFOIL (goe326-il),8.2,29.9,4.7,39.9,32.5
GOE 344 (PFALZ 71) AIRFOIL (goe344-il),7.2,19.9,2.7,39.9,32.5
NACA 2412 (naca2412-il),12,30,2,40,32.5
EPPLER 556 AIRFOIL (e556-il),16,31.1,3.1,61.4,32.5
BOEING 106 AIRFOIL (boe106-il),13.1,30,3.3,40,32.5
S5010 (s5010-il),9.8,27.6,1.8,32,32.5
HAWKER TEMPEST 96.77% SEMISPAN AIRFOIL (tempest3-il),10,38.7,1,40.7,32.5
USA 22 AIRFOIL (usa22-il),9.1,19.9,4.4,39.9,32.5
NASA/LANGLEY RC-12(B)3 AIRFOIL (rc12b3-il),12,38,2.2,34.3,32.5
HQ 3.0/13 AIRFOIL (hq3013-il),13,35,3,50,32.5
RAF 38 AIRFOIL (raf38-il),12.7,30,2.5,40,32.5
BOEING-VERTOL VR-8 AIRFOIL WITH TAB (vr8b-il),8.2,35,1.2,35,32.5
GOE 117 (MVA MK.4) AIRFOIL (goe117-il),9,29.8,4.6,39.8,32.5
GOE 600 AIRFOIL (goe600-il),13.1,29.4,1.9,49.4,32.5
GOE 534 AIRFOIL (goe534-il),14.1,19.6,5.2,39.6,32.5
TSAGI 8% AIRFOIL (tsagi8-il),8,30,1.3,30,32.5
GOE 575 AIRFOIL (goe575-il),13.3,29.8,3.6,39.8,32.5
Glenn Martin 3 (glennmartin3-il),13.8,30,4.6,30,32.5
CURTISS CR-1 AIRFOIL (cr1-il),12.2,24,4.7,42,32.4
GOE 114 (MVA MK.1) AIRFOIL (goe114-il),9.6,29.7,3.5,49.7,32.4
HQ 1.0/10 AIRFOIL (hq1010-il),10,35,1,50,32.4
GIII BL167 AIRFOIL (giiig-il),8.3,44.9,1.3,29.9,32.4
S8052 (11.88%) (s8052-il),11.9,33.3,1.2,44.2,32.4
LOCKHEED L-188 ROOT AIRFOIL (l188root-il),14,41.3,2,51.7,32.4
USA 51 AIRFOIL (usa51-il),9.3,30,2.6,30,32.4
AG09 (ag09-il),4.9,17.4,1.8,34.1,32.4
AG35 (ag35-il),8.7,27.9,2.3,37,32.3
GIII BL332 AIRFOIL (giiij-il),8.5,35,1.4,25,32.3
MH 200 12.97% (mh200-il),13,39.5,2.1,49.8,32.3
EPPLER 557 AIRFOIL (e557-il),16,30.2,3.7,60.8,32.3
HQ 1.5/12 AIRFOIL (hq1512-il),12,35,1.5,50,32.3
GIII BL126 AIRFOIL (giiie-il),8.8,44.9,1.2,29.9,32.3
RG 15A-1.8/11.0 AIRFOIL (rg15a111-il),11,30.2,1.8,39.7,32.3
NACA 1408 (naca1408-il),8,30,1,40,32.3
GOE 418 AIRFOIL (goe418-il),12.7,20,5.1,40,32.3
S4320 (s4320-il),9.4,26.8,4.5,40.2,32.3
EPPLER EC 86(-3)-914 AIRFOIL (ec863914-il),14.3,35.5,4.4,71.2,32.3
ONERA HOR04 AIRFOIL (hor04-il),4.1,33.2,1.4,38.3,32.3
PMC19 Smoothed (pmc19sm-il),9.2,34.2,2.1,17.5,32.3
MH33 (mh33-il),7.3,29.3,1.1,43.9,32.3
USA 27 mod. AIRFOIL (usa27m2-il),13.3,30,5,40,32.3
GOE 693 AIRFOIL (goe693-il),12,30,3.6,40,32.3
EH 1.5/9.0 (eh1590-il),9,28.7,1.5,25.9,32.3
DU86-084/18 8.44% (du8608418-il),8.5,36.9,1,45.8,32.3
MH 18 11.16% (mh18-il),11.1,36.8,2.7,42.1,32.3
TSAGI 12% AIRFOIL (tsagi12-il),11.9,30,2,30,32.3
GOE 655 AIRFOIL (goe655-il),13.9,30,4.4,40,32.3
NASA/LANGLEY RC-08(B)3 AIRFOIL (rc08b3-il),8,37.8,1.1,34.1,32.2
S3021-095-84 (s3021-il),9.5,30,2.5,39.2,32.2
EPPLER STE 87(-3)-914 AIRFOIL (ste87391-il),14.6,34.1,4.2,58.3,32.2
GIII BL145 AIRFOIL (giiif-il),8.3,44.9,1.3,29.9,32.2
PSU-90-125WL (psu-90-125wl-il),12.5,35.1,2,54.4,32.2
NREL's S825 Airfoil (s825-nr),17.1,29.9,3.9,65.3,32.2
CLARK W AIRFOIL (clarkw-il),11.2,30,3.7,40,32.2
NACA 0012-64 a=0.8 c(li)=0.2 (naca001264a08cli02-il),11,39.9,1.8,29.9,32.2
GOE 115 (MVA MK.2) AIRFOIL (goe115-il),9.7,29.7,3.7,39.7,32.2
GIII BL145 AIRFOIL (giiif-il),8.3,44.9,1.3,29.9,32.2
GOE 308 (MVA H.40) AIRFOIL (goe308-il),8.1,29.9,5,29.9,32.2
GOE 629 AIRFOIL (goe629-il),13.6,29.4,2.8,39.4,32.2
AH 79-100 C AIRFOIL (ah79100c-il),9.9,30.9,6.7,50,32.2
E226 (10.19%) (e226-il),10.2,31.3,0.5,56.9,32.2
NACA 64-210 (naca64210-il),10,40,1.1,50,32.2
CLARK K AIRFOIL (clarkk-il),11.7,29.7,3.3,39.6,32.2
RAF 19 AIRFOIL (raf19-il),10.5,15,10.1,40,32.2
NASA RC(5)-10 AIRFOIL (rc510-il),10,40.1,2.2,25.3,32.2
NACA M6 (nacam6-il),12,30,2.1,30,32.2
S8055 (12%) (s8055-il),12,33.9,1.6,44.7,32.2
RG 14 10% AIRFOIL (rg1410-il),10,31,1.6,36,32.2
GOE 796 AIRFOIL (goe796-il),12,30,3.6,40,32.2
GOE 264 AIRFOIL (goe264-il),6.4,20.2,5.7,28.9,32.2
Eiffel 385 (S.T. Ae) (eiffel385-il),13.4,20,4.4,50,32.1
SD7062 (14%) (sd7062-il),14,25.5,3.5,38.8,32.1
GOE 530 AIRFOIL (goe530-il),12.9,29.8,5.1,29.8,32.1
FX 66-H-80 (fx66h80-il),8,27.9,2.5,25,32.1
AH 79-100 B AIRFOIL (ah79100b-il),10,30.9,6.4,50,32.1
BOEING-VERTOL VR-7 AIRFOIL (vr7-il),12,33,3.1,33,32.1
GIII BL369 AIRFOIL (giiik-il),8.5,35,1.5,25,32.1
PT40 (pt40-il),11.6,27.1,2.9,41.6,32.1
NACA 63-209 (naca63209-il),9,35,1.1,50,32.1
NASA SC(2)-1010 AIRFOIL (sc21010-il),10,32,2.8,71,32.1
GIII BL369 AIRFOIL (giiik-il),8.5,35,1.5,25,32
E203 (13.64%) (e203-il),13.6,30.7,2.3,54.1,32
NACA M6 AIRFOIL (m6-il),12,30,2.2,30,32
AG04 (ag04-il),6.4,22.5,1.7,41.5,32
NACA 64-209 (naca64209-il),9,40,1.1,50,32
NACA 63-210 AIRFOIL (n63210-il),10,35,1.1,60,32
HAWKER TEMPEST 61% SEMISPAN AIRFOIL (tempest2-il),12,37.3,0.9,39.3,32
NASA/LANGLEY RC-12(N)1 AIRFOIL (rc12n1-il),12,37.4,1.4,30,32
GOE 723 AIRFOIL (goe723-il),11.6,29.7,4.5,49.7,32
MH 26 10.99% (mh26-il),11,42.3,1.4,42.3,32
HQ 1.0/12 AIRFOIL (hq1012-il),12,35,1,50,32
MH 121 8.76% (mh121-il),8.8,37.9,3,62.2,31.9
SD7032-099-88 (sd7032-il),10,26.6,3.4,45.1,31.9
GOE 440 AIRFOIL (goe440-il),15.3,30,9.7,40,31.9
GIII BL167 AIRFOIL (giiig-il),8.3,44.9,1.3,29.9,31.9
FX 66-H-80 (fx66h80-il),8,27.9,2.5,25,31.9
BOEING-VERTOL VR-8 AIRFOIL (vr8-il),8.2,35,1.3,35,31.9
NACA 5-H-10 AIRFOIL (n5h10-il),9.9,40,2.3,40,31.9
WB-140/35/FB 14% (wb140-il),13.9,30,3.7,45,31.9
RUTAN CANARD AIRFOIL (amsoil1-il),11.6,39,2.1,42,31.9
NASA/LANGLEY RC-12(N)1 AIRFOIL (rc12n1-il),12,37.4,1.4,30,31.9
MH33 (mh33-il),7.3,29.3,1.1,43.9,31.9
EPPLER E854 AIRFOIL (e854-il),13.4,32.3,3.3,55.7,31.8
LOCKHEED C-141 BL761.11 AIRFOIL (c141e-il),10.5,40.2,1.8,50,31.8
GOE 650 AIRFOIL (goe650-il),13.4,19.5,4.4,49.5,31.8
GOE 187 (SCHTTE-LANZ 2U10) AIRFOIL (goe187-il),8.3,30,4.8,30,31.8
E195 (11.82%) (e195-il),11.8,35,2.7,44.2,31.8
S8065 (11% version of S8064) (s8065-il),11,37.8,1.1,56.3,31.8
E220 (11.48%) (e220-il),11.5,33.1,2.2,37.7,31.8
GIII BL387 AIRFOIL (giiil-il),8.5,35.1,1.6,25.1,31.8
NACA M12 (nacam12-il),11.9,30,2,30,31.8
ARA-D 13% AIRFOIL (arad13-il),13,25,3.6,30,31.8
KC-135 BL124.32 AIRFOIL (kc135b-il),13,40,1.4,20,31.8
S3016-095-87 (s3016-il),9.5,28.9,1.8,43.1,31.8
NACA 64(1)-212 (n64212-il),12,40,1.1,50,31.8
E184 (8.33%) (e184-il),8.3,33.3,0.8,38.3,31.7
USA 28 AIRFOIL (usa28-il),13.2,29.9,3.8,49.9,31.7
CLARK YS AIRFOIL (clarkys-il),11.7,30,2.4,30,31.7
BOEING-VERTOL VR-8 AIRFOIL WITH TAB (vr8b-il),8.2,35,1.2,35,31.7
LOCKHEED C-5A BL1256 AIRFOIL (c5e-il),10.8,40,1.4,30,31.7
20-32C AIRFOIL (2032c-il),8,20,6.9,40,31.7
MH 18 11.16% (mh18-il),11.1,36.8,2.7,42.1,31.7
NASA/LANGLEY RC10-64C AIRFOIL (rc1064c-il),10,40,1,35,31.7
NREL's S801 Airfoil (s801-nr),13.5,37.8,3.7,47.1,31.7
BOEING-VERTOL VR-5 AIRFOIL (vr5-il),12,35,3.4,35,31.7
GOE 598 AIRFOIL (goe598-il),6.5,39.8,1,49.8,31.7
Glenn Martin 2 (glennmartin2-il),13.5,20,6.1,30,31.7
LOCKHEED C-5A BL576 AIRFOIL (c5c-il),11.1,40,1.4,65,31.7
GOE 188 (SCHTTE-LANZ 3U10) AIRFOIL (goe188-il),8.9,30,4.3,30,31.6
Eiffel 371 (Monge) (eiffel371-il),14.4,30,3.3,30,31.6
ONERA OA212 AIRFOIL (oa212-il),12,31.8,2.3,31.8,31.6
WORTMANN FX M2 AIRFOIL (fxm2-il),8.4,19.6,4.8,30.9,31.6
NASA RC(5)-10 AIRFOIL (rc510-il),10,40.1,2.2,25.3,31.6
GOE 575 AIRFOIL (goe575-il),13.3,29.8,3.6,39.8,31.6
RAF 38 AIRFOIL (raf38-il),12.7,30,2.5,40,31.6
WORTMANN FX 63-137 AIRFOIL (fx63137-il),13.7,30.9,6,53.3,31.6
NACA M12 AIRFOIL (m12-il),11.9,30,2,30,31.6
NACA 2415 (n2415-il),15,29.5,2,39.6,31.6
GOE 512 AIRFOIL (goe512-il),13.9,19.9,5.6,29.9,31.6
NASA/LANGLEY MS(1)-0313 AIRFOIL (ms313-il),13.1,37.5,1.8,67.5,31.6
GOE 11K AIRFOIL (goe11k-il),7.5,50,2.7,60,31.6
GOE 704 AIRFOIL (goe704-il),12.9,29.9,2.1,39.9,31.6
S1223 RTL (s1223rtl-il),13.5,19.9,8.3,55.2,31.6
GOE 701 AIRFOIL (goe701-il),12.5,29.6,4.9,39.6,31.6
GOE 479 AIRFOIL (goe479-il),11.6,30,4,40,31.6
GOE 404 AIRFOIL (goe404-il),13.2,29.6,5,29.6,31.6
NACA 1410 (naca1410-il),10,29.9,1,50,31.6
FX 63-137 13.7% smoothed (fx63137sm-il),13.7,30.9,5.8,56.5,31.6
GOE 15 AIRFOIL (goe15-il),9,29.8,7.8,29.8,31.5
DF 101 AIRFOIL (df101-il),11,29.1,2.3,43.5,31.5
GOE 402 AIRFOIL (goe402-il),6.8,20,5.7,30,31.5
EPPLER 361 AIRFOIL (e361-il),12.1,37.1,1.7,27.4,31.5
AH 79-100 C AIRFOIL (ah79100c-il),9.9,30.9,6.7,50,31.5
GIII BL387 AIRFOIL (giiil-il),8.5,35.1,1.6,25.1,31.5
S8066 (10% version of S8065 w/ lower surface aerodynamically similar) (s8066-il),10,37.7,0.8,56.3,31.5
LOCKHEED C-141 BL610.61 AIRFOIL (c141d-il),10.8,40.2,1.5,50,31.5
NACA 64-209 (naca64209-il),9,40,1.1,50,31.5
NACA 1408 (naca1408-il),8,30,1,40,31.5
NASA/LANGLEY RC12-64C AIRFOIL (rc1264c-il),12,40,1,35,31.5
EPPLER 360 AIRFOIL (e360-il),12.2,36.9,1.6,27.2,31.5
NACA 64-208 (naca64208-il),8,40,1.1,50,31.5
NACA 2415 (naca2415-il),15,30,2,40,31.4
GOE 617 AIRFOIL (goe617-il),13.9,30,2.2,30,31.4
TSAGI 12% AIRFOIL (tsagi12-il),11.9,30,2,30,31.4
DELFT DU84-132V3 AIRFOIL (MEASURED) (du84132v-il),13.6,33.9,3.1,45.3,31.4
LOCKHEED C-5A BL1256 AIRFOIL (c5e-il),10.8,40,1.4,30,31.3
S4096 (designed for the E-flite UMX ASK-21 scale RC sailplane) (s4096-il),12.5,34,1.2,34,31.3
GOE 165 (MVA MK.11) AIRFOIL (goe165-il),12.1,19.7,5.7,49.7,31.3
DU86-084/18 8.44% (du8608418-il),8.5,36.9,1,45.8,31.3
MH 61 10.26% (mh61-il),10.2,27.6,1.4,37.3,31.3
NACA 63A210 (naca63a210-il),10,34.9,1.3,50,31.3
SD7084 (9.6%) (sd7084-il),9.6,29.5,2.3,38.9,31.3
GIII BL430 AIRFOIL (giiim-il),8.5,35.2,1.9,25.2,31.3
GOE 81 AIRFOIL (goe81-il),7.4,29.9,6.3,29.9,31.3
GOE 611 AIRFOIL (goe611-il),12.9,29.9,5.8,39.9,31.2
NASA/LANGLEY RC-08(B)3 AIRFOIL (rc08b3-il),8,37.8,1.1,34.1,31.2
BELL/WORTMANN FX 69-H-098 AIRFOIL (fx69h098-il),9.9,28.2,1.7,22.5,31.2
MRC-16 (mrc-16-il),13.9,34.6,3,40.3,31.2
LOCKHEED C-141 BL426.57 AIRFOIL (c141c-il),11,40.2,1.3,50,31.2
E203 (13.64%) (e203-il),13.6,30.7,2.3,54.1,31.2
BOEING BACXXX AIRFOIL (bacxxx-il),11.3,35,1.4,15,31.2
FX 38-153 AIRFOIL (fx38153-il),15.5,43.5,2.1,80.4,31.2
RAE(NPL) 5212 AIRFOIL (rae5212-il),11.9,35.5,1.8,69.1,31.2
WORTMANN FX 082-512 AIRFOIL (fx082512-il),11.8,25,4.2,62.9,31.2
S8065 (11% version of S8064) (s8065-il),11,37.8,1.1,56.3,31.2
NACA 1410 (naca1410-il),10,29.9,1,50,31.2
AG10 (ag10-il),4.7,16,1.7,32.1,31.2
GOE 92 AIRFOIL (goe92-il),8.8,30,5.5,30,31.2
USA 40 B AIRFOIL (usa40b-il),13.6,20,4,40,31.2
E209 (13.72%) (e209-il),13.7,33.8,1.6,48.1,31.2
FX 61-140 AIRFOIL (fx61140-il),14,33.9,2.5,30.9,31.2
EH 1.0/9.0 (eh1090-il),9,28.7,1,25.9,31.2
E186 (10.27%) (e186-il),10.3,29,0.8,29,31.2
GOE 478 AIRFOIL (goe478-il),13.4,29.6,4.3,39.6,31.2
NACA 1412 (naca1412-il),12,29.9,1,40,31.2
S7055 (10.5%) Flat-Bottomed (s7055-il),10.5,31.8,3.3,38.6,31.1
GOE 492 AIRFOIL (goe492-il),6.2,29.9,3.4,49.9,31.1
NACA 63-206 (naca63206-il),6,35,1.1,50,31.1
GOE 380 AIRFOIL (goe380-il),6.6,30,5.6,30,31.1
SOMERS S102 AIRFOIL (BLUNT) (s102b-il),15,40,2,68.7,31.1
S4083 (8%) (s4083-il),8,22.5,3.4,35.5,31.1
Dayton-Wright 6 (daytonwright6-il),13.6,30,4.9,40,31.1
St. CYR 24 (Bartel 35-IIIC) (stcyr24-il),12.4,30,5.9,40,31.1
WASP (smoothed) (waspsm-il),9.4,27.1,3,37.9,31.1
OAF128 AIRFOIL (oaf128-il),12.8,23.2,1,43.7,31.1
EPPLER 560 AIRFOIL (e560-il),16.1,24,4.9,51.1,31.1
NACA 64(1)-212 (n64212-il),12,40,1.1,50,31.1
GOE 416A AIRFOIL (goe416a-il),11.7,29.5,1.3,59.6,31.1
KC-135 BL124.32 AIRFOIL (kc135b-il),13,40,1.4,20,31.1
AVISTAR (avistar-il),14.5,34.2,2.3,37.9,31.1
S1221 w/ 4 deg flap (s1221-flap-il),12.1,21.8,5.3,52.9,31
EPPLER 395 AIRFOIL (e395-il),12.3,29.5,5.2,52.3,31
GIII BL75 AIRFOIL (giiic-il),9.9,39.8,0.9,29.8,31
EPPLER E851 AIRFOIL (e851-il),9,37,2.3,66.3,31
E220 (11.48%) (e220-il),11.5,33.1,2.2,37.7,31
LOCKHEED C-5A BL758.6 AIRFOIL (c5d-il),11.1,40,1.4,60,31
CLARK YM-15 AIRFOIL (clarym15-il),15,29.6,3.6,39.6,31
GOE 398 AIRFOIL (goe398-il),13.9,30,4.9,40,31
HQ 1.0/12 AIRFOIL (hq1012-il),12,35,1,50,31
EPPLER 668 AIRFOIL (e668-il),13.9,37.3,4,47.8,31
GOE 441 AIRFOIL (goe441-il),16,29.5,7.7,39.5,31
S8052 (11.88%) (s8052-il),11.9,33.3,1.2,44.2,31
S8064 (s8064-il),12.3,37.8,1.1,56.2,31
GIII BL86 AIRFOIL (modified line 31) (giiid-il),9.7,39.8,1,29.8,31
AG10 (ag10-il),4.7,16,1.7,32.1,31
EPPLER STE 87(-3)-914 AIRFOIL (ste87391-il),14.6,34.1,4.2,58.3,30.9
EPPLER 407 AIRFOIL (e407-il),14.4,36.6,3.5,71.7,30.9
LOCKHEED C-141 BL610.61 AIRFOIL (c141d-il),10.8,40.2,1.5,50,30.9
HAWKER TEMPEST 37.5% SEMISPAN AIRFOIL (tempest1-il),14.5,38.3,1,40.4,30.9
Rhode St. Genese 34 (rhodesg34-il),14.1,30,4.6,40,30.9
EPPLER 485 AIRFOIL (e485-il),12.5,31.8,1.1,27.1,30.9
SPICA 11.73% smoothed (spicasm-il),11.7,30,4.7,35,30.9
E207 (12.04%) (e207-il),12,29.6,2.5,38.6,30.9
GOE 366 AIRFOIL (goe366-il),13.1,29.8,7.2,39.8,30.9
EH 2.5/10 (eh2510-il),10,30,2.5,25,30.9
E184 (8.33%) (e184-il),8.3,33.3,0.8,38.3,30.9
AG46c -03f (ag46c03-il),6,23.3,1.9,37.3,30.8
EH 2.0/10 (eh2010-il),10.1,28.7,2,25.9,30.8
AG46ct -02f rot. (ag46ct02r-il),6.1,23.3,1.6,33,30.8
LOCKHEED C-141 BL426.57 AIRFOIL (c141c-il),11,40.2,1.3,50,30.8
NACA 0010-34 a=0.8 c(li)=0.2 (naca001034a08cli02-il),10,40,1.3,50,30.8
E210 (13.64%) (e210-il),13.6,32.1,3.7,50.7,30.8
BOEING BACXXX AIRFOIL (bacxxx-il),11.3,35,1.4,15,30.8
NACA 5-H-10 AIRFOIL (n5h10-il),9.9,40,2.3,40,30.8
GIII BL450 AIRFOIL (giiin-il),8.4,30.2,2.1,20.2,30.8
BOEING-VERTOL VR-7 AIRFOIL WITH TAB (vr7b-il),12,33,3,29,30.7
LOCKHEED C-5A BL758.6 AIRFOIL (c5d-il),11.1,40,1.4,60,30.7
NLF(1)-0115 (nlf0115-il),15,44.1,1.8,30,30.7
SD7090 (10%) (sd7090-il),10,29.3,1.5,43.6,30.7
AG47c -03f (ag47c03-il),5.1,22.4,1.3,33.4,30.7
ONERA HOR12 AIRFOIL (hor12-il),11.9,22.8,3.7,46.2,30.7
GOE 430 AIRFOIL (goe430-il),13.4,29.5,4.8,49.6,30.7
NACA 65(1)-412 (naca651412-il),12,39.9,2.2,50,30.7
RAF 34 AIRFOIL (raf34-il),12.6,30,2,30,30.7
MH 27 11.99% (mh27-il),12,42.4,1.4,42.4,30.7
GOE 676 (= M 12) AIRFOIL (goe676-il),11.9,30,2,30,30.7
EPPLER 874 HYDROFOIL AIRFOIL (e874-il),7.9,28.8,0.9,35.7,30.7
PROPFAN CRUISE MISSILE WING AIRFOIL (pfcm-il),8.2,40,1.3,50,30.6
GOE 336 (MVA H.44) AIRFOIL (goe336-il),9,29.9,5.4,29.9,30.6
USA 48 AIRFOIL (usa48-il),14.9,30,2.9,40,30.6
LRN(1)-1007 low Reynolds number airfoil (lrn1007-il),7.3,39.8,5.9,44.6,30.6
AG44ct -02f (ag44ct02r-il),7.3,24.6,1.9,34.4,30.6
NASA/LANGLEY RC10-64C AIRFOIL (rc1064c-il),10,40,1,35,30.6
BOEING-VERTOL VR-1 AIRFOIL (vr1-il),11,35.3,1.5,43.3,30.6
NACA M9 AIRFOIL (m9-il),10.4,15,7.2,30,30.6
NYU/GRUMMAN K-1 AIRFOIL (k1-il),11.6,33,1.9,75,30.6
GOE 626 AIRFOIL (goe626-il),16.5,19.3,5.1,49.3,30.6
RAF 25 AIRFOIL (raf25-il),6.5,29.9,1,49.9,30.6
AG47ct -02f rot. (ag47ct02r-il),5,22.5,1.2,33.4,30.5
HUGHES HELICOPTERS HH-02 AIRFOIL (hh02-il),9.6,30,2,40,30.5
NPL 9615 AIRFOIL (npl9615-il),11.3,34.2,1,19.8,30.5
SM701 (sm701-il),16,36.3,3,60.3,30.5
WORTMANN FX 62-K-131 AIRFOIL (fx62k131-il),13.1,40.2,3.9,53.3,30.5
AVISTAR (avistar-il),14.5,34.2,2.3,37.9,30.5
GOE 598 AIRFOIL (goe598-il),6.5,39.8,1,49.8,30.5
NACA M6 (nacam6-il),12,30,2.1,30,30.5
HQ 3.0/15 AIRFOIL (hq3015-il),15,35,3,50,30.5
GOE 615 AIRFOIL (goe615-il),13.7,29.7,5.6,39.7,30.5
EPPLER 559 AIRFOIL (e559-il),16,27.2,4.3,50.2,30.5
Fage & Collins 4 (fg4-il),12.7,30,4.7,30,30.5
LOCKHEED C-5A BL576 AIRFOIL (c5c-il),11.1,40,1.4,65,30.5
BOEING-VERTOL VR-11X AIRFOIL (vr11x-il),11,40,2.4,25,30.5
GOE 648 AIRFOIL (goe648-il),15.2,29.4,3.9,39.4,30.5
EH 1.5/9.0 (eh1590-il),9,28.7,1.5,25.9,30.5
E231 (e231-il),12.3,39.4,2.5,39.4,30.5
AG455ct -02f rot. (ag455ct02r-il),6.5,23.3,1.8,33.1,30.5
E226 (10.19%) (e226-il),10.2,31.3,0.5,56.9,30.4
EPPLER 793 AIRFOIL (e793-il),15.6,26.7,4.2,44.7,30.4
GOE 63 AIRFOIL (goe63-il),8.3,19.9,6.7,39.9,30.4
RAE(NPL) 5212 AIRFOIL (rae5212-il),11.9,35.5,1.8,69.1,30.4
LOCKHEED C-5A BL488.2 AIRFOIL (c5b-il),11.5,40,1.2,70,30.4
CLARK Z AIRFOIL (clarkz-il),11.8,30,4,40,30.4
NLR-7223-43 AIRFOIL (nl722343-il),8.6,38,1.3,74,30.4
NACA 65-209 (naca65209-il),9,40,1.1,50,30.4
AG45ct -02f (ag45ct02r-il),6.9,23.3,1.8,33.1,30.3
S8038 (13%) (s8038-il),13,32.9,0.6,40.1,30.3
CAST 10-2/DOA 2 AIRFOIL (cast102-il),12.2,45.4,1.5,69.4,30.3
AG47ct -02f rot. (ag47ct02r-il),5,22.5,1.2,33.4,30.3
GOE 613 AIRFOIL (goe613-il),10.3,30,4.1,40,30.3
NACA 64-210 (naca64210-il),10,40,1.1,50,30.3
AG47c -03f (ag47c03-il),5.1,22.4,1.3,33.4,30.3
GOE 176 (ALBATROS 7020) AIRFOIL (goe176-il),10.3,19.8,5.6,39.8,30.3
MH 46 9.1% (mh46-il),9.1,27.1,1.4,36.9,30.3
WORTMANN FX 75-141 (fx75141-il),14.1,37.1,3.4,53.3,30.3
Eh 1.0/7.0 (eh1070-il),7,28.7,1,25.9,30.3
GOE 480 AIRFOIL (goe480-il),11.8,30,5.5,40,30.3
HQ 3.5/13 AIRFOIL (hq3513-il),13,35,3.5,50,30.2
EPPLER 417 AIRFOIL (e417-il),14.2,38.3,3.1,76.3,30.2
SOMERS S102 AIRFOIL (SHARP) (s102s-il),15,40,2.1,68.7,30.2
Falcon (falcon-il),13.7,30.6,1.6,20.5,30.2
Bambino 6 (bambino6-il),12,40,2.8,40,30.2
HAWKER TEMPEST 37.5% SEMISPAN AIRFOIL (tempest1-il),14.5,38.3,1,40.4,30.2
EPPLER 360 AIRFOIL (e360-il),12.2,36.9,1.6,27.2,30.2
GIII BL75 AIRFOIL (giiic-il),9.9,39.8,0.9,29.8,30.2
HQ 3.0/14 AIRFOIL (hq3014-il),14,35,3,50,30.1
EPPLER 361 AIRFOIL (e361-il),12.1,37.1,1.7,27.4,30.1
GOE 411 AIRFOIL (goe411-il),13.2,30,0,0,30.1
NACA 64-206 (naca64206-il),6,40,1.1,50,30.1
NACA M6 AIRFOIL (m6-il),12,30,2.2,30,30.1
GOE 553 AIRFOIL (goe553-il),13.7,29.6,4.7,39.6,30.1
NREL's S805A Airfoil (s805a-nr),13.5,40,2.1,35,30.1
GOE 559 AIRFOIL (goe559-il),11.2,30,3.4,30,30.1
NPL 9660 AIRFOIL (npl9660-il),11.3,34.2,1,19.8,30.1
MH 84 13.69% (mh84-il),13.7,21.5,4.1,36.6,30.1
BOEING 707 .40 SPAN AIRFOIL (b707c-il),9.6,30,1.9,15,30.1
NASA/LANGLEY RC12-64C AIRFOIL (rc1264c-il),12,40,1,35,30
FX 83-W-160 (fx83w160-il),16.1,37.1,3.9,62.9,30
BOEING-VERTOL VR-1 AIRFOIL (vr1-il),11,35.3,1.5,43.3,30
NLR-7223-62 AIRFOIL (nl722362-il),8.6,38,1.3,21.6,30
CLARK-Y 11.7% smoothed (clarkysm-il),11.7,30.9,3.5,43.5,30
NACA M15 AIRFOIL (m15-il),12,30,3.8,30,30
AS5045 (15%) (as5045-il),15,37.5,1,27.2,30
NACA 63-415 AIRFOIL (n63415-il),15,34.9,2.2,50,30
EPPLER 403 AIRFOIL (e403-il),15,37.9,3.2,75.5,29.9
NACA 64(1)-212 MOD A (n64212ma-il),12,41.2,2.5,21.5,29.9
Curtis C-72 (curtisc72-il),11.7,30,3.8,50,29.9
NACA 64-110 AIRFOIL (n64110-il),10,40,0.6,50,29.9
LOCKHEED L-188 ROOT AIRFOIL (l188root-il),14,41.3,2,51.7,29.9
EPPLER 874 HYDROFOIL AIRFOIL (e874-il),7.9,28.8,0.9,35.7,29.9
E186 (10.27%) (e186-il),10.2,29,0.8,29,29.9
DORNIER A-5 AIRFOIL (doa5-il),16.2,40.1,2.5,76,29.9
FX 66-H-60 (fx66h60-il),6,22.2,1.7,17,29.9
NREL's S834 Airfoil (s834-nr),15,39.5,1.6,60,29.8
GOE 505 AIRFOIL (goe505-il),14,19.7,5.9,39.7,29.8
NASA/LANGLEY MS(1)-0313 AIRFOIL (ms313-il),13.1,37.5,1.8,67.5,29.8
NPL 9626 AIRFOIL (npl9626-il),12.1,30.9,0.7,30.9,29.8
NASA SC(2)-1006 AIRFOIL (sc21006-il),6,30,2.6,73,29.8
GOE 528 AIRFOIL (goe528-il),12.5,29.8,6.2,39.8,29.8
ONERA OA213 AIRFOIL (oa213-il),12.6,32.5,3.3,25,29.8
GOE 385 AIRFOIL (goe385-il),9.9,29.9,4.1,29.9,29.8
EPPLER 817 HYDROFOIL AIRFOIL (e817-il),11,32.9,2.9,66.7,29.8
AG45c -03f (ag45c03-il),6.9,23.5,2,31.7,29.7
GOE 501 AIRFOIL (goe501-il),12.8,30,6.3,50,29.7
MH 64 8.59% (mh64-il),8.6,26.9,1.4,41.8,29.7
NACA 63-215 AIRFOIL (n63215-il),15,34.9,1.1,50,29.7
NASA/LANGLEY LS(1)-0417 (GA(W)-1) AIRFOIL (ls417-il),17,40,2.4,65,29.7
EPPLER 558 AIRFOIL (e558-il),16,26.4,3.8,49.3,29.7
NACA 64(1)-112 (naca641112-il),12,40,0.6,50,29.7
MH 95 15.86% (mh95-il),15.8,33.6,0.9,81.6,29.7
BOEING 106 AIRFOIL (boe106-il),13.1,30,3.3,40,29.7
NPL 9627 AIRFOIL (npl9627-il),12.2,31,0.9,40.4,29.7
NACA 65-210 (naca65210-il),10,40,1.1,50,29.7
SIKORSKY SSC-A07 AIRFOIL (ssca07-il),7,37.7,0.9,17.2,29.7
GIII BL430 AIRFOIL (giiim-il),8.5,35.2,1.9,25.2,29.7
NACA 63(2)A-015 (naca632a015-il),15,37.1,1.7,14.6,29.7
ONERA NACA CAMBRE AIRFOIL (ncambre-il),11.5,31.2,1.4,15.9,29.6
NPL 9626 AIRFOIL (npl9626-il),12.1,30.9,0.7,30.9,29.6
NACA 1412 (naca1412-il),12,29.9,1,40,29.6
CLARK Y AIRFOIL (clarky-il),11.7,28,3.4,42,29.6
NACA 6412 (naca6412-il),12,30.1,6,39.6,29.6
NLR-1T AIRFOIL (nlr1t-il),8.7,38.3,1.3,22.3,29.6
GOE 116 (MVA MK.3) AIRFOIL (goe116-il),9.3,39.8,4.1,39.8,29.6
RAE(NPL) 5213 AIRFOIL (rae5213-il),10,35.5,1.4,69.1,29.6
GIII BL45 AIRFOIL (giiib-il),10.4,39.7,0.8,24.7,29.6
GOE 510 AIRFOIL (goe510-il),13.7,19.7,5.8,39.7,29.5
GOE 332 (PFALZ 61) AIRFOIL (goe332-il),11.8,29.8,6.4,39.8,29.5
MH 94 16.03% (mh94-il),16,34.1,1.3,74.1,29.5
USA 45 M AIRFOIL (usa45m-il),11.6,30,3.3,30,29.5
BOEING-VERTOL VR-5 AIRFOIL (vr5-il),12,35,3.4,35,29.5
NACA 65(1)-212 a=0.6 (naca651212a06-il),12,40,1.5,50,29.5
GOE 533 AIRFOIL (goe533-il),13.7,30,4.7,40,29.4
BOEING-VERTOL VR-14 AIRFOIL (vr14-il),8,35,1.7,20,29.4
GOE 535 AIRFOIL (goe535-il),16.1,20,5.8,50,29.4
E221 (9.39%) (e221-il),9.4,28.1,1.6,32.6,29.4
GOE 629 AIRFOIL (goe629-il),13.6,29.4,2.8,39.4,29.4
HQ 3.5/14 AIRFOIL (hq3514-il),14,35,3.5,50,29.4
LOCKHEED C-5A BL488.2 AIRFOIL (c5b-il),11.5,40,1.2,70,29.4
NACA 65-206 (naca65206-il),6,40,1.1,50,29.4
E209 (13.72%) (e209-il),13.7,33.8,1.6,48.1,29.4
R140 12.04% (smoothed) (r140sm-il),12,39.3,0.4,39.3,29.4
GOE 677 (= M 6) AIRFOIL (goe677-il),12,30,2.2,30,29.4
GOE 134 (MVA H.12) AIRFOIL (goe134-il),9.5,30,4,30,29.4
St. CYR 24 (Bartel 35-IIIC) (stcyr24-il),12.4,30,5.9,40,29.4
BOEING-VERTOL VR-11X AIRFOIL (vr11x-il),11,40,2.4,25,29.4
MRC-20 (mrc-20-il),15.6,38.2,2.9,48,29.4
E171 (Dicke 12.28%) (e171-il),12.3,32.4,0,0,29.3
EPPLER 297 AIRFOIL (e297-il),11.4,37.7,0,0,29.3
NACA 64(1)-112 (naca641112-il),12,40,0.6,50,29.3
SD7003-085-88 (sd7003-il),8.5,24.4,1.2,38.3,29.3
NREL's S825 Airfoil (s825-nr),17.1,29.9,3.9,65.3,29.3
LOCKHEED C-141 BL113.6 AIRFOIL (c141b-il),12.6,40.2,1.1,64.5,29.3
GOE 320 (HANSA-BRANDENBURG II.1) AIRFOIL (goe320-il),12.3,29.8,6.2,29.8,29.3
S8064 (s8064-il),12.3,37.8,1.1,56.2,29.3
GOE 323 (HANSA-BRANDENBURG V.1) AIRFOIL (goe323-il),11.1,29.8,5.2,29.8,29.3
GOE 617 AIRFOIL (goe617-il),13.9,30,2.2,30,29.3
GOE 54 AIRFOIL (goe54-il),6.5,14.9,3.5,19.9,29.3
GOE 368 AIRFOIL (goe368-il),7.7,14.9,3.8,29.9,29.3
S8038 (13%) (s8038-il),13,32.9,0.6,40.1,29.2
EPPLER 521 AIRFOIL (e521-il),13.8,37,0,0,29.2
NACA 2414 (n2414-il),14,29.5,2,39.6,29.2
AS5045 (15%) (as5045-il),15,37.5,1,27.2,29.2
NLR-7223-43 AIRFOIL (nl722343-il),8.6,38,1.3,74,29.2
FX 68-H-120 (fx68h120-il),11.8,25,2.3,33.9,29.2
RAE 5214 AIRFOIL (rae5214-il),9.7,35.5,1.4,69.1,29.2
RAE(NPL) 5213 AIRFOIL (rae5213-il),10,35.5,1.4,69.1,29.2
GOE 182 (MVA H.27) AIRFOIL (goe182-il),9.5,19.9,5.3,39.9,29.2
GOE 405 AIRFOIL (goe405-il),11.1,30,6.5,40,29.2
GOE 147 (MVA H.6) AIRFOIL (goe147-il),7.5,14.9,3.8,29.9,29.2
SIKORSKY GS-1 AIRFOIL (gs1-il),13.9,30,4.1,50,29.2
Eppler E171 low Reynolds number airfoil (e171-il),12.3,32.4,0,0,29.2
EH 1.0/9.0 (eh1090-il),9,28.7,1,25.9,29.2
RAF 32 AIRFOIL (raf32-il),12.7,30,5,50,29.2
Eppler E433 AIRFOIL (e433-il),14.2,42.6,3.9,42.6,29.2
RG 15A 2.5/13.0 AIRFOIL (rg15a213-il),13,30.2,2.5,39.7,29.2
GOE 462 AIRFOIL (goe462-il),11,9.9,13.4,29.9,29.2
GOE 174 (ALBATROS 5020) AIRFOIL (goe174-il),8.6,19.9,5.6,39.9,29.1
GOE 627 AIRFOIL (goe627-il),15.8,30,4.1,30,29.1
S4094 (s4094-il),9.9,29.1,1.8,33.6,29.1
N-14 (n14-il),11.5,30,0.1,20,29.1
MH 44 9.66% (mh44-il),9.6,27.1,1.5,36.9,29.1
BOEING-VERTOL VR-13 AIRFOIL (vr13-il),9.5,35,2,20,29.1
NYU/GRUMMAN K-1 AIRFOIL (k1-il),11.6,33,1.9,75,29.1
Glenn Martin 3 (glennmartin3-il),13.8,30,4.6,30,29.1
Eppler E521 AIRFOIL (e521-il),13.8,37,0,0,29.1
CLARK YH AIRFOIL (clarkyh-il),11.9,30,2.5,30,29.1
BOEING-VERTOL VR-13 AIRFOIL (vr13-il),9.5,35,2,20,29.1
LOCKHEED C-141 BL0 AIRFOIL (c141a-il),13,40.2,1.1,64.5,29
BOEING-VERTOL VR-7 AIRFOIL (vr7-il),12,33,3.1,33,29
NPL 9615 AIRFOIL (npl9615-il),11.3,34.2,1,19.8,29
BOEING-VERTOL VR-14 AIRFOIL (vr14-il),8,35,1.7,20,29
WORTMANN FX 62-K-131 AIRFOIL (fx62k131-il),13.1,40.2,3.9,53.3,29
E197 (e197-il),13.5,34.6,2.8,43.7,29
HT23 (ht23-il),6.5,20.8,1.1,22.6,29
N-13 (n13-il),11.8,30,0.1,95,29
MH 95 15.86% (mh95-il),15.8,33.6,0.9,81.6,29
J5012 12% (j5012-il),12,34.5,0,83.5,29
GOE 314 (HANSA-BRANDENBURG) AIRFOIL (goe314-il),8,29.9,4.7,29.9,28.9
DU 86-137/25 AIRFOIL (du861372-il),13.6,41.6,0.3,1.6,28.9
GOE 481 AIRFOIL (goe481-il),13.4,9.6,8.8,39.4,28.9
GOE 12K AIRFOIL (goe12k-il),11.1,50,4.1,60,28.9
N-12 (n12-il),10.5,30,0.2,15,28.9
NACA 63012A AIRFOIL (n63012a-il),12,35,0,0,28.9
BOEING-VERTOL VR-12 AIRFOIL (vr12-il),10.6,35,2.3,20,28.9
NACA 63-015A AIRFOIL (n63015a-il),15,35,0,0,28.9
RC(4)-10 AIRFOIL (rc410-il),10,37.8,2.1,30.3,28.9
GOE 322 (HANSA-BRANDENBURG IV.1) AIRFOIL (goe322-il),13.1,29.8,6,29.8,28.9
S2091-101-83 (s2091-il),10.1,26,3.7,39.5,28.9
GOE 769 AIRFOIL (goe769-il),13.8,20,4.8,30,28.9
NPL 9627 AIRFOIL (npl9627-il),12.2,31,0.9,40.4,28.8
N-10 (n10-il),11.2,30,3.6,40,28.8
EPPLER 625 AIRFOIL (e625-il),13,30,2.9,22.5,28.8
FX 60-157 AIRFOIL (fx60157-il),15.7,40.2,2.7,75,28.8
FX 74-Cl5-140 MOD (smoothed) (fx74modsm-il),13.1,27.1,9.7,41.6,28.8
EPPLER 297 AIRFOIL (e297-il),11.4,37.7,0,0,28.8
NACA 64-110 AIRFOIL (n64110-il),10,40,0.6,50,28.7
EPPLER E836 HYDROFOIL AIRFOIL (e836-il),12.6,42.8,0,0,28.7
GOE 414 AIRFOIL (goe414-il),13.6,29.7,5.3,39.7,28.7
NACA 65-410 (naca65410-il),10,39.9,2.2,50,28.7
MH 62 9.3% (mh62-il),9.3,26.9,1.6,36.6,28.7
GOE 409 AIRFOIL (goe409-il),12.7,30,0,0,28.7
GOE 645 AIRFOIL (goe645-il),15.4,19.4,4.8,39.4,28.7
GOE 439 AIRFOIL (goe439-il),7.9,30,5.2,40,28.7
R140 (original) (r140-il),12,39.3,0.5,42.3,28.7
RAF 30 AIRFOIL (raf30-il),12.6,30,0,0,28.7
FX 61-147 AIRFOIL (fx61147-il),14.8,33.9,3.2,33.9,28.7
SIKORSKY SSC-A09 AIRFOIL (ssca09-il),9,37.7,1.2,17.2,28.7
BOEING VERTOL V(1.95)3009-1.25 AIRFOIL (v13009-il),9,30.1,1.3,20.1,28.7
ONERA OA209 AIRFOIL (oa209-il),9,29.3,1.6,17.1,28.6
GOE 559 AIRFOIL (goe559-il),11.2,30,3.4,30,28.6
EPPLER E836 HYDROFOIL AIRFOIL (e836-il),12.6,42.8,0,0,28.6
GOE 226 (MVA H.36) AIRFOIL (goe226-il),13.9,19.7,8.1,49.7,28.6
NACA 642-015A AIRFOIL (n64015a-il),15,40,0,0,28.6
GOE 459 AIRFOIL (goe459-il),12.7,30,0,0,28.6
MH 115 11.06% (mh115-il),11.1,29.8,5.5,46,28.6
GOE 513 AIRFOIL (goe513-il),16.6,29.8,5.2,39.8,28.6
Supermarine 371-I (root) (supermarine371i-il),13,40,0.9,50,28.6
FX 60-157 AIRFOIL (fx60157-il),15.7,40.2,2.7,75,28.6
NACA 25112 (naca25112-jf),12,29.5,2,27.2,28.6
GIII BL450 AIRFOIL (giiin-il),8.4,30.2,2.1,20.2,28.6
GIII BL45 AIRFOIL (giiib-il),10.4,39.7,0.8,24.7,28.6
FX 66-H-60 (fx66h60-il),6,22.2,1.7,17,28.6
E10(08%) (e228-il),10.1,31.9,0.3,31.9,28.5
NACA 63-215 AIRFOIL (n63215-il),15,34.9,1.1,50,28.5
NLR-7223-62 AIRFOIL (nl722362-il),8.6,38,1.3,21.6,28.5
RAE 5215 AIRFOIL (rae5215-il),9.7,35.5,1.5,69.1,28.5
NACA 63-015A AIRFOIL (n63015a-il),15,35,0,0,28.5
S3010-103-84 (s3010-il),10.3,25,2.3,43.3,28.5
GOE 654 AIRFOIL (goe654-il),14.5,30,5.2,40,28.4
YS-930 (ys930-il),9.1,35,2.9,59.2,28.4
REPUBLIC S-3 AIRFOIL (s3-il),11,30,1.8,15,28.4
FX 73-CL3-152 (fx73cl3152-il),15.2,22.2,8,43.5,28.4
NASA/LANGLEY MS(1)-0317 AIRFOIL (ms317-il),17,37.5,1.7,72.5,28.4
RAE 102 AIRFOIL (rae102-il),10,36,0,0,28.4
GOE 497 AIRFOIL (goe497-il),12.7,30,5.3,50,28.4
NACA 65(1)-212 (naca651212-il),12,40,1.1,50,28.4
EPPLER 520 AIRFOIL (e520-il),15,36.7,0,0,28.4
Gottingen 765 airfoil (recovered). Thick: .144 LE radius: 0.02062 LE slope: 0.17300 (goe765-il),14.4,30,1.9,25.9,28.4
RAF 30 AIRFOIL (raf30-il),12.6,30,0,0,28.4
S2027 (s2027-il),14.5,29.4,2.7,38.3,28.4
ULTIMATE (ultimate-il),12.8,34.2,0,0,28.4
S4180-098-84 (s4180-il),9.8,26.1,4,39.4,28.3
SIKORSKY SSC-A07 AIRFOIL (ssca07-il),7,37.7,0.9,17.2,28.3
FX 68-H-120 (fx68h120-il),11.8,25,2.3,33.9,28.3
GEMINI (smoothed) (geminism-il),15.4,34.2,2.2,37.9,28.3
GOE 6K AIRFOIL (goe06k-il),7.5,50,3.1,50,28.3
NACA 23012 12% (naca23012-il),12,29.8,1.8,12.7,28.3
NACA 64-215 AIRFOIL (n64215-il),15,34.9,1.1,50,28.3
NACA 64(2)-215 (naca642215-il),15,34.9,1.1,50,28.3
HSNLF(1)-0213 AIRFOIL (hsnlf213-il),13.3,42.4,1.4,32.4,28.3
EH 2.0/12 (eh2012-il),12,28.7,2,25.9,28.3
NASA SC(2)-1006 AIRFOIL (sc21006-il),6,30,2.6,73,28.3
RAF 25 AIRFOIL (raf25-il),6.5,29.9,1,49.9,28.3
GOE 647 AIRFOIL (goe647-il),16.2,19.5,5.3,39.4,28.3
BOEING HSNLF AIRFOIL (bacnlf-il),10.1,43.7,1.3,76.7,28.3
OAF117 AIRFOIL (oaf117-il),11.5,23.2,2,46.9,28.3
FX LIII-142 K 25 AIRFOIL (fxl142k-il),14.2,30.9,0,0,28.3
NACA 63A210 (naca63a210-il),10,34.9,1.3,50,28.3
NACA 65(1)-412 (naca651412-il),12,39.9,2.2,50,28.3
NLR-1T AIRFOIL (nlr1t-il),8.7,38.3,1.3,22.3,28.3
RAF 27 AIRFOIL (raf27-il),9.8,30,0,0,28.3
DEFIANT CANARD BL110 AIRFOIL (defcnd2-il),14.7,28.6,3.8,28.6,28.3
S1048 14% (Danny Howell) (s1048-il),14,27,0,0,28.3
LOCKHEED C-141 BL113.6 AIRFOIL (c141b-il),12.6,40.2,1.1,64.5,28.3
GOE 630 AIRFOIL (goe630-il),12.6,29.8,7.7,39.8,28.3
BOEING VERTOL V43012-1.58 AIRFOIL (v43012-il),12,32,3.7,15,28.2
AS5046 (16%) (as5046-il),16,37.6,0.7,77.4,28.2
J5012 12% (j5012-il),12,34.5,0,83.5,28.2
EPPLER 395 AIRFOIL (e395-il),12.3,29.5,5.2,52.3,28.2
S4310 (s4310-il),10.9,30.7,4.2,39.8,28.2
GOE 675 AIRFOIL (goe675-il),14.9,29.5,5.9,39.5,28.2
GOE 11K AIRFOIL (goe11k-il),7.5,50,2.7,60,28.2
GOE 140 (MVA H.17) AIRFOIL (goe140-il),8.8,29.9,5.3,29.9,28.2
BOEING-VERTOL VR-15 AIRFOIL (vr15-il),8,35,1.3,20,28.1
S1016 (s1016-il),17.5,41.8,0,0,28.1
NACA 63012A AIRFOIL (n63012a-il),12,35,0,0,28.1
NACA 64(1)-212 MOD A (n64212ma-il),12,41.2,2.5,21.5,28.1
SOMERS S102 AIRFOIL (BLUNT) (s102b-il),15,40,2,68.7,28.1
ONERA HOR04 AIRFOIL (hor04-il),4.1,33.2,1.4,38.3,28.1
AS5046 (16%) (as5046-il),16,37.6,0.7,77.4,28.1
BOEING VERTOL V13006-.7 AIRFOIL (v13006-il),6,30.2,0.9,20.2,28.1
NPL 9660 AIRFOIL (npl9660-il),11.3,34.2,1,19.8,28
EPPLER STE 871-514 AIRFOIL (ste87151-il),13.9,47.3,2.5,79,28
GOE 601 AIRFOIL (goe601-il),16,39,2.5,49,28
P-51D ROOT (BL17.5) AIRFOIL (p51droot-il),16.5,38.9,1.3,68.3,28
HQ 0/10 AIRFOIL (hq010-il),10,33.9,0,0,28
GOE 506 AIRFOIL (goe506-il),16.5,29.3,4.7,39.3,28
GOE 411 AIRFOIL (goe411-il),13.2,30,0,0,28
St. CYR 234 (Bartel 17-IC) (stcyr234-il),16,20,5.1,50,28
LWK 80-150/K25 (lwk80150k25-il),15,40.2,0,0,28
E168 (12.45%) (e168-il),12.4,26.7,0,0,28
PMC19 Smoothed (pmc19sm-il),9.2,34.2,2.1,17.5,28
E. Bambino (ebambino7-il),6,40,1.9,20,28
FX 79-L-120 (fx79l120-il),12.1,33.9,0,0,27.9
SIKORSKY SSC-A09 AIRFOIL (ssca09-il),9,37.7,1.2,17.2,27.9
GOE 612 AIRFOIL (goe612-il),15,29.5,5,49.5,27.9
RAE 101 AIRFOIL (rae101-il),10,30,0,0,27.9
BOEING VERTOL V13006-.7 AIRFOIL (v13006-il),6,30.2,0.9,20.2,27.9
EPPLER 334 AIRFOIL (e334-il),11.9,30.3,4,25.4,27.9
GOE 407 AIRFOIL (goe407-il),9.5,29.9,4.8,39.9,27.9
BOEING-VERTOL V23010-1.58 AIRFOIL (v23010-il),10.2,30,1.8,15,27.9
MH 45 9.85% (mh45-il),9.8,26.9,1.7,36.6,27.9
GOE 286 AIRFOIL (goe286-il),9.4,29.9,4.1,29.9,27.9
GOE 481A AIRFOIL (goe481a-il),15.3,29.4,5.5,39.4,27.9
NACA 642-015A AIRFOIL (n64015a-il),15,40,0,0,27.9
SD7034 (sd7034-il),10.5,26,3.6,39.4,27.8
Glenn Martin 4 (glennmartin4-il),15.5,30,6,30,27.8
EPPLER 555 AIRFOIL (e555-il),16,31.9,2.6,67.4,27.8
LOCKHEED-GEORGIA SUPERCRITICAL AIRFOIL (lg10sc-il),10,32,1.5,16,27.8
EPPLER 520 AIRFOIL (e520-il),15,36.7,0,0,27.8
GIII BL0 AIRFOIL (giiia-il),11,39.7,0.7,14.7,27.8
EPPLER 333 AIRFOIL (e333-il),11.7,31.3,3.5,26.4,27.8
RAE 103 AIRFOIL (rae103-il),10,40,0,0,27.8
NACA 63(2)-615 (naca632615-il),15,34.8,3.3,50,27.8
Rhode St. Genese 36 (rhodesg36-il),16.2,30,5.4,40,27.8
NASA/AMES A-01 AIRFOIL (ames01-il),10.3,35,1.4,15,27.8
LOCKHEED C-141 BL0 AIRFOIL (c141a-il),13,40.2,1.1,64.5,27.8
NACA 63(2)-415 AIRFOIL (n63415-il),15,34.9,2.2,50,27.8
GOE 459 AIRFOIL (goe459-il),12.7,30,0,0,27.8
KC-135 BL52.44 AIRFOIL (kc135a-il),15.5,35,1.3,20,27.7
BOEING-VERTOL VR-15 AIRFOIL (vr15-il),8,35,1.3,20,27.7
N-13 (n13-il),11.8,30,0.1,95,27.7
EPPLER 332 AIRFOIL (e332-il),11.5,32.3,3.1,22.6,27.7
FX 79-L-100 (fx79l100-il),10.1,33.9,0,0,27.7
S4096 (s4096-il),12.5,34,1.2,34,27.7
S4095 (s4095-il),9.7,29.1,1.7,33.7,27.7
NASA RC(4)-10 AIRFOIL (rc410-il),10,37.8,2.1,30.3,27.7
GOE 234 (MVA CA5) AIRFOIL (goe234-il),14.2,19.7,9.2,49.7,27.7
NREL's S822 Airfoil (s822-nr),16,39.2,1.8,59.5,27.7
N-12 (n12-il),10.5,30,0.2,15,27.7
GOE 621 AIRFOIL (goe621-il),15,29.5,5,49.5,27.6
GOE 298 AIRFOIL (goe298-il),12.8,19.6,4.5,39.6,27.6
GOE 365 AIRFOIL (goe365-il),11.7,29.9,5.1,39.9,27.6
NASA/AMES A-03 AIRFOIL (ames03-il),10,37.5,1.2,17.5,27.6
BELL/WORTMANN FX 69-H-098 AIRFOIL (fx69h098-il),9.9,28.2,1.7,22.5,27.6
S8035 for RC aerobatic 14% thick (s8035-il),14,29.1,0,0,27.6
EPPLER E662 AIRFOIL (e662-il),15,42.8,4.1,47.5,27.6
GOE 550 AIRFOIL (goe550-il),13,20,4.3,50,27.6
EPPLER 329 AIRFOIL (e329-il),13.5,30.6,3.5,25.7,27.6
NACA 64-108 AIRFOIL (n64108-il),8,40,0.6,50,27.6
NACA 642-015 AIRFOIL (n64015-il),15,35,0,0,27.6
Supermarine 371-I (root) (supermarine371i-il),13,40,0.9,50,27.6
NACA 24112 (naca24112-jf),12,29.4,1.7,20.6,27.6
SIKORSKY SC2110 AIRFOIL (sc2110-il),9.9,37.7,1.9,15.7,27.6
USA 26 AIRFOIL (usa26-il),9.8,19.9,4.3,39.9,27.6
NACA 66-210 (naca66210-il),10,45,1.1,50,27.6
MH 60 10.08% (mh60-il),10.1,26.9,1.7,36.6,27.5
RAF 27 AIRFOIL (raf27-il),9.8,30,0,0,27.5
NREL's S833 Airfoil (s833-nr),18,36.3,2.5,78.8,27.5
ULTIMATE (ultimate-il),12.8,34.2,0,0,27.5
NASA/AMES A-03 AIRFOIL (ames03-il),10,37.5,1.2,17.5,27.5
RAE 5214 AIRFOIL (rae5214-il),9.7,35.5,1.4,69.1,27.5
N-14 (n14-il),11.5,30,0.1,20,27.5
NACA 0012-34 (naca001234-il),12,40,0,0,27.5
EPPLER 328 AIRFOIL (e328-il),13.3,31.5,3,22.1,27.5
NACA 64-012A AIRFOIL (n64012a-il),12,40,0,0,27.5
GOE 802 A AIRFOIL (goe802a-il),9.8,30,6.1,40,27.5
PW1211 (pw1211-pw),7,24,1.7,28.2,27.5
Cambered plate C=10% T=5% R=1.3 (cp-100-050-gn),7,4.2,7.9,46.5,27.5
FX 63-147 AIRFOIL (fx63147-il),14.7,33.9,3.1,33.9,27.5
GOE 628 AIRFOIL (goe628-il),16.7,19.4,5.6,39.3,27.4
RAE 101 AIRFOIL (rae101-il),10,30,0,0,27.4
EPPLER 485 AIRFOIL (e485-il),12.5,31.8,1.1,27.1,27.4
RONCZ LOW DRAG FLYING WING AIRFOIL (marske7-il),12.1,42.8,2.8,39.1,27.4
NACA 4415 (naca4415-il),15,30.9,4,40.2,27.4
MH 70 11.08% (mh70-il),11.1,29.4,3,39.6,27.4
RAE 102 AIRFOIL (rae102-il),10,36,0,0,27.4
WORTMANN FX L V-152 AIRFOIL (fxlv152-il),15.3,33.9,0,0,27.4
GOE 623 AIRFOIL (goe623-il),12,30,3.8,40,27.4
GOE 766 AIRFOIL (goe766-il),12,25,1.5,20,27.4
GOE 288 AIRFOIL (goe288-il),17.4,29.3,5.5,39.3,27.4
NACA 2415 (naca2415-il),15,30,2,40,27.4
FX 71-L-150/25 AIRFOIL (fx711525-il),15,33.9,0,0,27.4
MH 106 13.07% (mh106-il),13.1,27.4,0.9,27.4,27.3
LWK 80-120/K25 (lwk80120k25-il),12.1,40.2,0,0,27.3
NACA 2418 (naca2418-il),18,30,2,40,27.3
NACA M3 AIRFOIL (m3-il),11.9,30,0,0,27.3
NACA M3 (nacam3-il),11.9,30,0,0,27.3
NACA 23112 (naca23112-jf),12,29.5,1.2,14.7,27.3
ONERA OA206 AIRFOIL (oa206-il),6,31.8,0.8,19.6,27.3
MUE 139 (mue139-il),13.9,22.2,4.7,30.9,27.3
NACA 63A010 AIRFOIL (n63010a-il),10,35,0,0,27.3
HQ 0/10 AIRFOIL (hq010-il),10,33.9,0,0,27.3
FX 71-L-150/30 AIRFOIL (fx711530-il),15,33.9,0,0,27.3
FX 71-L-150/30 AIRFOIL (fx71l150-il),15,33.9,0,0,27.3
MH 94 16.03% (mh94-il),16,34.1,1.3,74.1,27.3
EPPLER 327 AIRFOIL (e327-il),13.1,32.4,2.6,23,27.3
HQ 0/9 AIRFOIL (hq09-il),8.1,33.9,0,0,27.3
EPPLER E851 AIRFOIL (e851-il),9,37,2.3,66.3,27.3
GOE 12K AIRFOIL (goe12k-il),11.1,50,4.1,60,27.3